station_abbr,station_name,station_canton,station_wigos_id,station_type_de,station_type_fr,station_type_it,station_type_en,station_dataowner,station_data_since,station_height_masl,station_height_barometer_masl,station_coordinates_lv95_east,station_coordinates_lv95_north,station_coordinates_wgs84_lat,station_coordinates_wgs84_lon,station_exposition_de,station_exposition_fr,station_exposition_it,station_exposition_en,station_url_de,station_url_fr,station_url_it,station_url_en,station_id,nb_jours_observes,cumul_septembre_2025_mm,moyenne_quotidienne_mm
ABE,Aarberg,BE,0-756-0-ABE,Automatische Niederschlagsstationen - Messwerte,Stations pluviométriques automatiques - Valeurs mesurées,Stazioni pluviometriche automatiche - Valori misurati,Automatic precipitation stations - Measurement values,MeteoSchweiz,01.01.1900,444,NA,2588354,1211894,47.057969,7.28535,Ebene,Plaine,Pianura,plain,https://www.meteoschweiz.admin.ch/service-und-publikationen/applikationen/messwerte-und-messnetze.html#param=messnetz-automatisch&station=ABE,https://www.meteosuisse.admin.ch/services-et-publications/applications/valeurs-mesurees-et-reseaux-de-mesure.html#param=messnetz-automatisch&station=ABE,https://www.meteosvizzera.admin.ch/servizi-e-pubblicazioni/applicazioni/valori-attuali-e-reti-di-misura.html#param=messnetz-automatisch&station=ABE,https://www.meteoswiss.admin.ch/services-and-publications/applications/measurement-values-and-measuring-networks.html#param=messnetz-automatisch&station=ABE,ABE,30,122,4.07
AFI,Andelfingen,ZH,0-756-0-AFI,Automatische Niederschlagsstationen - Messwerte,Stations pluviométriques automatiques - Valeurs mesurées,Stazioni pluviometriche automatiche - Valori misurati,Automatic precipitation stations - Measurement values,MeteoSchweiz,01.01.1902,360,NA,2692617,1273392,47.604669,8.670289,Anhöhe (30 - 100 m über Talsohle),Butte (30-100 m au-dessus du fond de vallée),Collina (30 - 100 m sopra il fondovalle),height (30-100 m above valley),https://www.meteoschweiz.admin.ch/service-und-publikationen/applikationen/messwerte-und-messnetze.html#param=messnetz-automatisch&station=AFI,https://www.meteosuisse.admin.ch/services-et-publications/applications/valeurs-mesurees-et-reseaux-de-mesure.html#param=messnetz-automatisch&station=AFI,https://www.meteosvizzera.admin.ch/servizi-e-pubblicazioni/applicazioni/valori-attuali-e-reti-di-misura.html#param=messnetz-automatisch&station=AFI,https://www.meteoswiss.admin.ch/services-and-publications/applications/measurement-values-and-measuring-networks.html#param=messnetz-automatisch&station=AFI,AFI,30,110.2,3.67
AGATT,Attelwil,AG,0-756-0-AGATT,Automatische Niederschlagsstationen - Messwerte,Stations pluviométriques automatiques - Valeurs mesurées,Stazioni pluviometriche automatiche - Valori misurati,Automatic precipitation stations - Measurement values,MeteoSchweiz,22.04.2014,475,NA,2646308,1235106,47.265233,8.050519,Ebene,Plaine,Pianura,plain,https://www.meteoschweiz.admin.ch/service-und-publikationen/applikationen/messwerte-und-messnetze.html#param=messnetz-automatisch&station=AGATT,https://www.meteosuisse.admin.ch/services-et-publications/applications/valeurs-mesurees-et-reseaux-de-mesure.html#param=messnetz-automatisch&station=AGATT,https://www.meteosvizzera.admin.ch/servizi-e-pubblicazioni/applicazioni/valori-attuali-e-reti-di-misura.html#param=messnetz-automatisch&station=AGATT,https://www.meteoswiss.admin.ch/services-and-publications/applications/measurement-values-and-measuring-networks.html#param=messnetz-automatisch&station=AGATT,AGATT,30,121.5,4.05
AGSTE,Stetten,AG,0-756-0-AGSTE,Automatische Niederschlagsstationen - Messwerte,Stations pluviométriques automatiques - Valeurs mesurées,Stazioni pluviometriche automatiche - Valori misurati,Automatic precipitation stations - Measurement values,MeteoSchweiz,19.05.2015,355,NA,2665027,1249877,47.396503,8.299992,Ebene,Plaine,Pianura,plain,https://www.meteoschweiz.admin.ch/service-und-publikationen/applikationen/messwerte-und-messnetze.html#param=messnetz-automatisch&station=AGSTE,https://www.meteosuisse.admin.ch/services-et-publications/applications/valeurs-mesurees-et-reseaux-de-mesure.html#param=messnetz-automatisch&station=AGSTE,https://www.meteosvizzera.admin.ch/servizi-e-pubblicazioni/applicazioni/valori-attuali-e-reti-di-misura.html#param=messnetz-automatisch&station=AGSTE,https://www.meteoswiss.admin.ch/services-and-publications/applications/measurement-values-and-measuring-networks.html#param=messnetz-automatisch&station=AGSTE,AGSTE,30,114,3.8
AIE,Affoltern i. E.,BE,0-756-0-AIE,Automatische Niederschlagsstationen - Messwerte,Stations pluviométriques automatiques - Valeurs mesurées,Stazioni pluviometriche automatiche - Valori misurati,Automatic precipitation stations - Measurement values,MeteoSchweiz,01.01.1864,755,NA,2622940,1212500,47.063125,7.740614,Osthang,Versant est,Versante orientale,eastern oriented slope,https://www.meteoschweiz.admin.ch/service-und-publikationen/applikationen/messwerte-und-messnetze.html#param=messnetz-automatisch&station=AIE,https://www.meteosuisse.admin.ch/services-et-publications/applications/valeurs-mesurees-et-reseaux-de-mesure.html#param=messnetz-automatisch&station=AIE,https://www.meteosvizzera.admin.ch/servizi-e-pubblicazioni/applicazioni/valori-attuali-e-reti-di-misura.html#param=messnetz-automatisch&station=AIE,https://www.meteoswiss.admin.ch/services-and-publications/applications/measurement-values-and-measuring-networks.html#param=messnetz-automatisch&station=AIE,AIE,30,140.2,4.67
AIR,Airolo,TI,0-756-0-AIR,Automatische Niederschlagsstationen - Messwerte,Stations pluviométriques automatiques - Valeurs mesurées,Stazioni pluviometriche automatiche - Valori misurati,Automatic precipitation stations - Measurement values,MeteoSchweiz,17.10.1883,1139,NA,2688910,1153417,46.526142,8.597444,Tal,Vallée,Valle,valley,https://www.meteoschweiz.admin.ch/service-und-publikationen/applikationen/messwerte-und-messnetze.html#param=messnetz-automatisch&station=AIR,https://www.meteosuisse.admin.ch/services-et-publications/applications/valeurs-mesurees-et-reseaux-de-mesure.html#param=messnetz-automatisch&station=AIR,https://www.meteosvizzera.admin.ch/servizi-e-pubblicazioni/applicazioni/valori-attuali-e-reti-di-misura.html#param=messnetz-automatisch&station=AIR,https://www.meteoswiss.admin.ch/services-and-publications/applications/measurement-values-and-measuring-networks.html#param=messnetz-automatisch&station=AIR,AIR,30,292.8,9.76
ALS,"Altstätten, SG",SG,0-756-0-ALS,Automatische Niederschlagsstationen - Messwerte,Stations pluviométriques automatiques - Valeurs mesurées,Stazioni pluviometriche automatiche - Valori misurati,Automatic precipitation stations - Measurement values,MeteoSchweiz,01.01.1864,430,NA,2759910,1250202,47.383225,9.556531,Tal,Vallée,Valle,valley,https://www.meteoschweiz.admin.ch/service-und-publikationen/applikationen/messwerte-und-messnetze.html#param=messnetz-automatisch&station=ALS,https://www.meteosuisse.admin.ch/services-et-publications/applications/valeurs-mesurees-et-reseaux-de-mesure.html#param=messnetz-automatisch&station=ALS,https://www.meteosvizzera.admin.ch/servizi-e-pubblicazioni/applicazioni/valori-attuali-e-reti-di-misura.html#param=messnetz-automatisch&station=ALS,https://www.meteoswiss.admin.ch/services-and-publications/applications/measurement-values-and-measuring-networks.html#param=messnetz-automatisch&station=ALS,ALS,30,80.3,2.68
AMW,Amriswil,TG,0-756-0-AMW,Automatische Niederschlagsstationen - Messwerte,Stations pluviométriques automatiques - Valeurs mesurées,Stazioni pluviometriche automatiche - Valori misurati,Automatic precipitation stations - Measurement values,MeteoSchweiz,01.01.1901,420,NA,2741797,1268304,47.550136,9.322475,Ebene,Plaine,Pianura,plain,https://www.meteoschweiz.admin.ch/service-und-publikationen/applikationen/messwerte-und-messnetze.html#param=messnetz-automatisch&station=AMW,https://www.meteosuisse.admin.ch/services-et-publications/applications/valeurs-mesurees-et-reseaux-de-mesure.html#param=messnetz-automatisch&station=AMW,https://www.meteosvizzera.admin.ch/servizi-e-pubblicazioni/applicazioni/valori-attuali-e-reti-di-misura.html#param=messnetz-automatisch&station=AMW,https://www.meteoswiss.admin.ch/services-and-publications/applications/measurement-values-and-measuring-networks.html#param=messnetz-automatisch&station=AMW,AMW,30,137.3,4.58
APP,Appenzell,AI,0-756-0-APP,Automatische Niederschlagsstationen - Messwerte,Stations pluviométriques automatiques - Valeurs mesurées,Stazioni pluviometriche automatiche - Valori misurati,Automatic precipitation stations - Measurement values,MeteoSchweiz,01.01.1891,750,NA,2748013,1245040,47.339592,9.397314,Ebene,Plaine,Pianura,plain,https://www.meteoschweiz.admin.ch/service-und-publikationen/applikationen/messwerte-und-messnetze.html#param=messnetz-automatisch&station=APP,https://www.meteosuisse.admin.ch/services-et-publications/applications/valeurs-mesurees-et-reseaux-de-mesure.html#param=messnetz-automatisch&station=APP,https://www.meteosvizzera.admin.ch/servizi-e-pubblicazioni/applicazioni/valori-attuali-e-reti-di-misura.html#param=messnetz-automatisch&station=APP,https://www.meteoswiss.admin.ch/services-and-publications/applications/measurement-values-and-measuring-networks.html#param=messnetz-automatisch&station=APP,APP,30,124.3,4.14
AUB,L'Auberson,VD,0-756-0-AUB,Automatische Niederschlagsstationen - Messwerte,Stations pluviométriques automatiques - Valeurs mesurées,Stazioni pluviometriche automatiche - Valori misurati,Automatic precipitation stations - Measurement values,MeteoSchweiz,01.01.1915,1096,NA,2523852,1186296,46.82345,6.440692,Ebene,Plaine,Pianura,plain,https://www.meteoschweiz.admin.ch/service-und-publikationen/applikationen/messwerte-und-messnetze.html#param=messnetz-automatisch&station=AUB,https://www.meteosuisse.admin.ch/services-et-publications/applications/valeurs-mesurees-et-reseaux-de-mesure.html#param=messnetz-automatisch&station=AUB,https://www.meteosvizzera.admin.ch/servizi-e-pubblicazioni/applicazioni/valori-attuali-e-reti-di-misura.html#param=messnetz-automatisch&station=AUB,https://www.meteoswiss.admin.ch/services-and-publications/applications/measurement-values-and-measuring-networks.html#param=messnetz-automatisch&station=AUB,AUB,30,189.5,6.32
AVA,Les Avants,VD,0-756-0-AVA,Automatische Niederschlagsstationen - Messwerte,Stations pluviométriques automatiques - Valeurs mesurées,Stazioni pluviometriche automatiche - Valori misurati,Automatic precipitation stations - Measurement values,MeteoSchweiz,01.01.1974,1036,NA,2561880,1145178,46.45685,6.942444,Südhang,Versant sud,Versante meridionale,southern oriented slope,https://www.meteoschweiz.admin.ch/service-und-publikationen/applikationen/messwerte-und-messnetze.html#param=messnetz-automatisch&station=AVA,https://www.meteosuisse.admin.ch/services-et-publications/applications/valeurs-mesurees-et-reseaux-de-mesure.html#param=messnetz-automatisch&station=AVA,https://www.meteosvizzera.admin.ch/servizi-e-pubblicazioni/applicazioni/valori-attuali-e-reti-di-misura.html#param=messnetz-automatisch&station=AVA,https://www.meteoswiss.admin.ch/services-and-publications/applications/measurement-values-and-measuring-networks.html#param=messnetz-automatisch&station=AVA,AVA,30,193.8,6.46
BAW,Barmelweid,AG,0-756-0-BAW,Automatische Niederschlagsstationen - Messwerte,Stations pluviométriques automatiques - Valeurs mesurées,Stazioni pluviometriche automatiche - Valori misurati,Automatic precipitation stations - Measurement values,MeteoSchweiz,01.01.1945,777,NA,2640058,1252430,47.421456,7.969492,Südhang,Versant sud,Versante meridionale,southern oriented slope,https://www.meteoschweiz.admin.ch/service-und-publikationen/applikationen/messwerte-und-messnetze.html#param=messnetz-automatisch&station=BAW,https://www.meteosuisse.admin.ch/services-et-publications/applications/valeurs-mesurees-et-reseaux-de-mesure.html#param=messnetz-automatisch&station=BAW,https://www.meteosvizzera.admin.ch/servizi-e-pubblicazioni/applicazioni/valori-attuali-e-reti-di-misura.html#param=messnetz-automatisch&station=BAW,https://www.meteoswiss.admin.ch/services-and-publications/applications/measurement-values-and-measuring-networks.html#param=messnetz-automatisch&station=BAW,BAW,30,135,4.5
BEC,Bernina / Curtinatsch,GR,0-756-0-BEC,Automatische Niederschlagsstationen - Messwerte,Stations pluviométriques automatiques - Valeurs mesurées,Stazioni pluviometriche automatiche - Valori misurati,Automatic precipitation stations - Measurement values,MeteoSchweiz,01.01.1972,2090,NA,2795796,1146486,46.441094,9.986886,Tal,Vallée,Valle,valley,https://www.meteoschweiz.admin.ch/service-und-publikationen/applikationen/messwerte-und-messnetze.html#param=messnetz-automatisch&station=BEC,https://www.meteosuisse.admin.ch/services-et-publications/applications/valeurs-mesurees-et-reseaux-de-mesure.html#param=messnetz-automatisch&station=BEC,https://www.meteosvizzera.admin.ch/servizi-e-pubblicazioni/applicazioni/valori-attuali-e-reti-di-misura.html#param=messnetz-automatisch&station=BEC,https://www.meteoswiss.admin.ch/services-and-publications/applications/measurement-values-and-measuring-networks.html#param=messnetz-automatisch&station=BEC,BEC,30,121.3,4.04
BEP,Belp,BE,0-756-0-BEP,Automatische Niederschlagsstationen - Messwerte,Stations pluviométriques automatiques - Valeurs mesurées,Stazioni pluviometriche automatiche - Valori misurati,Automatic precipitation stations - Measurement values,MeteoSchweiz,01.01.1901,510,NA,2605082,1195001,46.906094,7.505339,Ebene,Plaine,Pianura,plain,https://www.meteoschweiz.admin.ch/service-und-publikationen/applikationen/messwerte-und-messnetze.html#param=messnetz-automatisch&station=BEP,https://www.meteosuisse.admin.ch/services-et-publications/applications/valeurs-mesurees-et-reseaux-de-mesure.html#param=messnetz-automatisch&station=BEP,https://www.meteosvizzera.admin.ch/servizi-e-pubblicazioni/applicazioni/valori-attuali-e-reti-di-misura.html#param=messnetz-automatisch&station=BEP,https://www.meteoswiss.admin.ch/services-and-publications/applications/measurement-values-and-measuring-networks.html#param=messnetz-automatisch&station=BEP,BEP,30,129.6,4.32
BEX,Bex,VD,0-756-0-BEX,Automatische Niederschlagsstationen - Messwerte,Stations pluviométriques automatiques - Valeurs mesurées,Stazioni pluviometriche automatiche - Valori misurati,Automatic precipitation stations - Measurement values,MeteoSchweiz,01.01.1864,402,NA,2565805,1121511,46.244167,6.995286,Ebene,Plaine,Pianura,plain,https://www.meteoschweiz.admin.ch/service-und-publikationen/applikationen/messwerte-und-messnetze.html#param=messnetz-automatisch&station=BEX,https://www.meteosuisse.admin.ch/services-et-publications/applications/valeurs-mesurees-et-reseaux-de-mesure.html#param=messnetz-automatisch&station=BEX,https://www.meteosvizzera.admin.ch/servizi-e-pubblicazioni/applicazioni/valori-attuali-e-reti-di-misura.html#param=messnetz-automatisch&station=BEX,https://www.meteoswiss.admin.ch/services-and-publications/applications/measurement-values-and-measuring-networks.html#param=messnetz-automatisch&station=BEX,BEX,30,155,5.17
BEY,Bellelay,BE,0-756-0-BEY,Automatische Niederschlagsstationen - Messwerte,Stations pluviométriques automatiques - Valeurs mesurées,Stazioni pluviometriche automatiche - Valori misurati,Automatic precipitation stations - Measurement values,MeteoSchweiz,01.10.1900,923,NA,2579603,1234881,47.264514,7.169133,Ebene,Plaine,Pianura,plain,https://www.meteoschweiz.admin.ch/service-und-publikationen/applikationen/messwerte-und-messnetze.html#param=messnetz-automatisch&station=BEY,https://www.meteosuisse.admin.ch/services-et-publications/applications/valeurs-mesurees-et-reseaux-de-mesure.html#param=messnetz-automatisch&station=BEY,https://www.meteosvizzera.admin.ch/servizi-e-pubblicazioni/applicazioni/valori-attuali-e-reti-di-misura.html#param=messnetz-automatisch&station=BEY,https://www.meteoswiss.admin.ch/services-and-publications/applications/measurement-values-and-measuring-networks.html#param=messnetz-automatisch&station=BEY,BEY,30,156.5,5.22
BLZ,Bellinzona,TI,0-756-0-BLZ,Automatische Niederschlagsstationen - Messwerte,Stations pluviométriques automatiques - Valeurs mesurées,Stazioni pluviometriche automatiche - Valori misurati,Automatic precipitation stations - Measurement values,MeteoSchweiz,01.01.1864,224,NA,2720913,1116587,46.189886,9.004881,Ebene,Plaine,Pianura,plain,https://www.meteoschweiz.admin.ch/service-und-publikationen/applikationen/messwerte-und-messnetze.html#param=messnetz-automatisch&station=BLZ,https://www.meteosuisse.admin.ch/services-et-publications/applications/valeurs-mesurees-et-reseaux-de-mesure.html#param=messnetz-automatisch&station=BLZ,https://www.meteosvizzera.admin.ch/servizi-e-pubblicazioni/applicazioni/valori-attuali-e-reti-di-misura.html#param=messnetz-automatisch&station=BLZ,https://www.meteoswiss.admin.ch/services-and-publications/applications/measurement-values-and-measuring-networks.html#param=messnetz-automatisch&station=BLZ,BLZ,30,365.8,12.19
BOS,Bosco/Gurin,TI,0-756-0-BOS,Automatische Niederschlagsstationen - Messwerte,Stations pluviométriques automatiques - Valeurs mesurées,Stazioni pluviometriche automatiche - Valori misurati,Automatic precipitation stations - Measurement values,"MeteoSchweiz, SLF",01.01.1959,1486,NA,2680880,1130029,46.316789,8.488719,Tal,Vallée,Valle,valley,https://www.meteoschweiz.admin.ch/service-und-publikationen/applikationen/messwerte-und-messnetze.html#param=messnetz-automatisch&station=BOS,https://www.meteosuisse.admin.ch/services-et-publications/applications/valeurs-mesurees-et-reseaux-de-mesure.html#param=messnetz-automatisch&station=BOS,https://www.meteosvizzera.admin.ch/servizi-e-pubblicazioni/applicazioni/valori-attuali-e-reti-di-misura.html#param=messnetz-automatisch&station=BOS,https://www.meteoswiss.admin.ch/services-and-publications/applications/measurement-values-and-measuring-networks.html#param=messnetz-automatisch&station=BOS,BOS,30,307.9,10.26
BRI,Brig,VS,0-756-0-BRI,Automatische Niederschlagsstationen - Messwerte,Stations pluviométriques automatiques - Valeurs mesurées,Stazioni pluviometriche automatiche - Valori misurati,Automatic precipitation stations - Measurement values,MeteoSchweiz,01.01.1895,665,NA,2640567,1129069,46.311794,7.965264,Ebene,Plaine,Pianura,plain,https://www.meteoschweiz.admin.ch/service-und-publikationen/applikationen/messwerte-und-messnetze.html#param=messnetz-automatisch&station=BRI,https://www.meteosuisse.admin.ch/services-et-publications/applications/valeurs-mesurees-et-reseaux-de-mesure.html#param=messnetz-automatisch&station=BRI,https://www.meteosvizzera.admin.ch/servizi-e-pubblicazioni/applicazioni/valori-attuali-e-reti-di-misura.html#param=messnetz-automatisch&station=BRI,https://www.meteoswiss.admin.ch/services-and-publications/applications/measurement-values-and-measuring-networks.html#param=messnetz-automatisch&station=BRI,BRI,30,58.4,1.95
BRP,Brusio,GR,0-756-0-BRP,Automatische Niederschlagsstationen - Messwerte,Stations pluviométriques automatiques - Valeurs mesurées,Stazioni pluviometriche automatiche - Valori misurati,Automatic precipitation stations - Measurement values,MeteoSchweiz,01.02.1864,856,NA,2806479,1127184,46.264358,10.117231,Südwesthang,Versant sud-ouest,Versante sud-occidentale,south-western oriented slope,https://www.meteoschweiz.admin.ch/service-und-publikationen/applikationen/messwerte-und-messnetze.html#param=messnetz-automatisch&station=BRP,https://www.meteosuisse.admin.ch/services-et-publications/applications/valeurs-mesurees-et-reseaux-de-mesure.html#param=messnetz-automatisch&station=BRP,https://www.meteosvizzera.admin.ch/servizi-e-pubblicazioni/applicazioni/valori-attuali-e-reti-di-misura.html#param=messnetz-automatisch&station=BRP,https://www.meteoswiss.admin.ch/services-and-publications/applications/measurement-values-and-measuring-networks.html#param=messnetz-automatisch&station=BRP,BRP,30,88.7,2.96
BRT,Bristen,UR,0-756-0-BRT,Automatische Niederschlagsstationen - Messwerte,Stations pluviométriques automatiques - Valeurs mesurées,Stazioni pluviometriche automatiche - Valori misurati,Automatic precipitation stations - Measurement values,MeteoSchweiz,01.01.1961,784,NA,2696224,1180373,46.767578,8.698389,Tal,Vallée,Valle,valley,https://www.meteoschweiz.admin.ch/service-und-publikationen/applikationen/messwerte-und-messnetze.html#param=messnetz-automatisch&station=BRT,https://www.meteosuisse.admin.ch/services-et-publications/applications/valeurs-mesurees-et-reseaux-de-mesure.html#param=messnetz-automatisch&station=BRT,https://www.meteosvizzera.admin.ch/servizi-e-pubblicazioni/applicazioni/valori-attuali-e-reti-di-misura.html#param=messnetz-automatisch&station=BRT,https://www.meteoswiss.admin.ch/services-and-publications/applications/measurement-values-and-measuring-networks.html#param=messnetz-automatisch&station=BRT,BRT,30,168,5.6
BRW,Braunwald,GL,0-756-0-BRW,Automatische Niederschlagsstationen - Messwerte,Stations pluviométriques automatiques - Valeurs mesurées,Stazioni pluviometriche automatiche - Valori misurati,Automatic precipitation stations - Measurement values,MeteoSchweiz,08.10.1918,1299,NA,2717943,1199651,46.937469,8.98765,Südhang,Versant sud,Versante meridionale,southern oriented slope,https://www.meteoschweiz.admin.ch/service-und-publikationen/applikationen/messwerte-und-messnetze.html#param=messnetz-automatisch&station=BRW,https://www.meteosuisse.admin.ch/services-et-publications/applications/valeurs-mesurees-et-reseaux-de-mesure.html#param=messnetz-automatisch&station=BRW,https://www.meteosvizzera.admin.ch/servizi-e-pubblicazioni/applicazioni/valori-attuali-e-reti-di-misura.html#param=messnetz-automatisch&station=BRW,https://www.meteoswiss.admin.ch/services-and-publications/applications/measurement-values-and-measuring-networks.html#param=messnetz-automatisch&station=BRW,BRW,30,157.3,5.24
BUE,Bülach,ZH,0-756-0-BUE,Automatische Niederschlagsstationen - Messwerte,Stations pluviométriques automatiques - Valeurs mesurées,Stazioni pluviometriche automatiche - Valori misurati,Automatic precipitation stations - Measurement values,MeteoSchweiz,01.01.1900,403,NA,2682029,1263775,47.519594,8.527731,Ebene,Plaine,Pianura,plain,https://www.meteoschweiz.admin.ch/service-und-publikationen/applikationen/messwerte-und-messnetze.html#param=messnetz-automatisch&station=BUE,https://www.meteosuisse.admin.ch/services-et-publications/applications/valeurs-mesurees-et-reseaux-de-mesure.html#param=messnetz-automatisch&station=BUE,https://www.meteosvizzera.admin.ch/servizi-e-pubblicazioni/applicazioni/valori-attuali-e-reti-di-misura.html#param=messnetz-automatisch&station=BUE,https://www.meteoswiss.admin.ch/services-and-publications/applications/measurement-values-and-measuring-networks.html#param=messnetz-automatisch&station=BUE,BUE,30,107.1,3.57
COL,Coldrerio,TI,0-756-0-COL,Automatische Niederschlagsstationen - Messwerte,Stations pluviométriques automatiques - Valeurs mesurées,Stazioni pluviometriche automatiche - Valori misurati,Automatic precipitation stations - Measurement values,MeteoSchweiz,01.01.1918,347,NA,2721080,1079234,45.853914,8.997431,Südosthang,Versant sud-est,Versante sud-orientale,south-eastern oriented slope,https://www.meteoschweiz.admin.ch/service-und-publikationen/applikationen/messwerte-und-messnetze.html#param=messnetz-automatisch&station=COL,https://www.meteosuisse.admin.ch/services-et-publications/applications/valeurs-mesurees-et-reseaux-de-mesure.html#param=messnetz-automatisch&station=COL,https://www.meteosvizzera.admin.ch/servizi-e-pubblicazioni/applicazioni/valori-attuali-e-reti-di-misura.html#param=messnetz-automatisch&station=COL,https://www.meteoswiss.admin.ch/services-and-publications/applications/measurement-values-and-measuring-networks.html#param=messnetz-automatisch&station=COL,COL,30,289.7,9.66
COS,Cossonay,VD,0-756-0-COS,Automatische Niederschlagsstationen - Messwerte,Stations pluviométriques automatiques - Valeurs mesurées,Stazioni pluviometriche automatiche - Valori misurati,Automatic precipitation stations - Measurement values,MeteoSchweiz,01.01.1900,590,NA,2527563,1162466,46.609519,6.493083,Ebene,Plaine,Pianura,plain,https://www.meteoschweiz.admin.ch/service-und-publikationen/applikationen/messwerte-und-messnetze.html#param=messnetz-automatisch&station=COS,https://www.meteosuisse.admin.ch/services-et-publications/applications/valeurs-mesurees-et-reseaux-de-mesure.html#param=messnetz-automatisch&station=COS,https://www.meteosvizzera.admin.ch/servizi-e-pubblicazioni/applicazioni/valori-attuali-e-reti-di-misura.html#param=messnetz-automatisch&station=COS,https://www.meteoswiss.admin.ch/services-and-publications/applications/measurement-values-and-measuring-networks.html#param=messnetz-automatisch&station=COS,COS,30,109.9,3.66
COU,Couvet,NE,0-756-0-COU,Automatische Niederschlagsstationen - Messwerte,Stations pluviométriques automatiques - Valeurs mesurées,Stazioni pluviometriche automatiche - Valori misurati,Automatic precipitation stations - Measurement values,MeteoSchweiz,01.01.1897,728,NA,2540607,1198345,46.933542,6.658683,Nordhang,Versant nord,Versante settentrionale,northern oriented slope,https://www.meteoschweiz.admin.ch/service-und-publikationen/applikationen/messwerte-und-messnetze.html#param=messnetz-automatisch&station=COU,https://www.meteosuisse.admin.ch/services-et-publications/applications/valeurs-mesurees-et-reseaux-de-mesure.html#param=messnetz-automatisch&station=COU,https://www.meteosvizzera.admin.ch/servizi-e-pubblicazioni/applicazioni/valori-attuali-e-reti-di-misura.html#param=messnetz-automatisch&station=COU,https://www.meteoswiss.admin.ch/services-and-publications/applications/measurement-values-and-measuring-networks.html#param=messnetz-automatisch&station=COU,COU,30,161.1,5.37
CTO,Torricella / Crana,TI,0-756-0-CTO,Automatische Niederschlagsstationen - Messwerte,Stations pluviométriques automatiques - Valeurs mesurées,Stazioni pluviometriche automatiche - Valori misurati,Automatic precipitation stations - Measurement values,MeteoSchweiz,01.01.1901,1002,NA,2712695,1103745,46.075808,8.895367,Nordhang,Versant nord,Versante settentrionale,northern oriented slope,https://www.meteoschweiz.admin.ch/service-und-publikationen/applikationen/messwerte-und-messnetze.html#param=messnetz-automatisch&station=CTO,https://www.meteosuisse.admin.ch/services-et-publications/applications/valeurs-mesurees-et-reseaux-de-mesure.html#param=messnetz-automatisch&station=CTO,https://www.meteosvizzera.admin.ch/servizi-e-pubblicazioni/applicazioni/valori-attuali-e-reti-di-misura.html#param=messnetz-automatisch&station=CTO,https://www.meteoswiss.admin.ch/services-and-publications/applications/measurement-values-and-measuring-networks.html#param=messnetz-automatisch&station=CTO,CTO,30,441.8,14.73
DIT,Dietikon,ZH,0-756-0-DIT,Automatische Niederschlagsstationen - Messwerte,Stations pluviométriques automatiques - Valeurs mesurées,Stazioni pluviometriche automatiche - Valori misurati,Automatic precipitation stations - Measurement values,MeteoSchweiz,01.01.1901,384,NA,2672891,1251865,47.413558,8.404472,Ebene,Plaine,Pianura,plain,https://www.meteoschweiz.admin.ch/service-und-publikationen/applikationen/messwerte-und-messnetze.html#param=messnetz-automatisch&station=DIT,https://www.meteosuisse.admin.ch/services-et-publications/applications/valeurs-mesurees-et-reseaux-de-mesure.html#param=messnetz-automatisch&station=DIT,https://www.meteosvizzera.admin.ch/servizi-e-pubblicazioni/applicazioni/valori-attuali-e-reti-di-misura.html#param=messnetz-automatisch&station=DIT,https://www.meteoswiss.admin.ch/services-and-publications/applications/measurement-values-and-measuring-networks.html#param=messnetz-automatisch&station=DIT,DIT,30,114.4,3.81
DOB,Benken / Doggen,SG,0-756-0-DOB,Automatische Niederschlagsstationen - Messwerte,Stations pluviométriques automatiques - Valeurs mesurées,Stazioni pluviometriche automatiche - Valori misurati,Automatic precipitation stations - Measurement values,MeteoSchweiz,01.01.1961,408,NA,2715388,1227540,47.188733,8.961211,Ebene,Plaine,Pianura,plain,https://www.meteoschweiz.admin.ch/service-und-publikationen/applikationen/messwerte-und-messnetze.html#param=messnetz-automatisch&station=DOB,https://www.meteosuisse.admin.ch/services-et-publications/applications/valeurs-mesurees-et-reseaux-de-mesure.html#param=messnetz-automatisch&station=DOB,https://www.meteosvizzera.admin.ch/servizi-e-pubblicazioni/applicazioni/valori-attuali-e-reti-di-misura.html#param=messnetz-automatisch&station=DOB,https://www.meteoswiss.admin.ch/services-and-publications/applications/measurement-values-and-measuring-networks.html#param=messnetz-automatisch&station=DOB,DOB,30,163.6,5.45
EGR,Eggersriet,SG,0-756-0-EGR,Automatische Niederschlagsstationen - Messwerte,Stations pluviométriques automatiques - Valeurs mesurées,Stazioni pluviometriche automatiche - Valori misurati,Automatic precipitation stations - Measurement values,MeteoSchweiz,01.06.1974,770,NA,2753061,1256197,47.438753,9.467903,Muldenlage,Dépression,Depressione,basin,https://www.meteoschweiz.admin.ch/service-und-publikationen/applikationen/messwerte-und-messnetze.html#param=messnetz-automatisch&station=EGR,https://www.meteosuisse.admin.ch/services-et-publications/applications/valeurs-mesurees-et-reseaux-de-mesure.html#param=messnetz-automatisch&station=EGR,https://www.meteosvizzera.admin.ch/servizi-e-pubblicazioni/applicazioni/valori-attuali-e-reti-di-misura.html#param=messnetz-automatisch&station=EGR,https://www.meteoswiss.admin.ch/services-and-publications/applications/measurement-values-and-measuring-networks.html#param=messnetz-automatisch&station=EGR,EGR,30,122.1,4.07
ENT,Entlebuch,LU,0-756-0-ENT,Automatische Niederschlagsstationen - Messwerte,Stations pluviométriques automatiques - Valeurs mesurées,Stazioni pluviometriche automatiche - Valori misurati,Automatic precipitation stations - Measurement values,MeteoSchweiz,01.08.1882,768,NA,2647936,1204165,46.986814,8.068747,Westhang,Versant ouest,Versante occidentale,western oriented slope,https://www.meteoschweiz.admin.ch/service-und-publikationen/applikationen/messwerte-und-messnetze.html#param=messnetz-automatisch&station=ENT,https://www.meteosuisse.admin.ch/services-et-publications/applications/valeurs-mesurees-et-reseaux-de-mesure.html#param=messnetz-automatisch&station=ENT,https://www.meteosvizzera.admin.ch/servizi-e-pubblicazioni/applicazioni/valori-attuali-e-reti-di-misura.html#param=messnetz-automatisch&station=ENT,https://www.meteoswiss.admin.ch/services-and-publications/applications/measurement-values-and-measuring-networks.html#param=messnetz-automatisch&station=ENT,ENT,30,194.9,6.5
ESZ,Eschenz,TG,0-756-0-ESZ,Automatische Niederschlagsstationen - Messwerte,Stations pluviométriques automatiques - Valeurs mesurées,Stazioni pluviometriche automatiche - Valori misurati,Automatic precipitation stations - Measurement values,MeteoSchweiz,01.06.1879,414,NA,2707844,1278214,47.645703,8.873914,Ebene,Plaine,Pianura,plain,https://www.meteoschweiz.admin.ch/service-und-publikationen/applikationen/messwerte-und-messnetze.html#param=messnetz-automatisch&station=ESZ,https://www.meteosuisse.admin.ch/services-et-publications/applications/valeurs-mesurees-et-reseaux-de-mesure.html#param=messnetz-automatisch&station=ESZ,https://www.meteosvizzera.admin.ch/servizi-e-pubblicazioni/applicazioni/valori-attuali-e-reti-di-misura.html#param=messnetz-automatisch&station=ESZ,https://www.meteoswiss.admin.ch/services-and-publications/applications/measurement-values-and-measuring-networks.html#param=messnetz-automatisch&station=ESZ,ESZ,30,112.4,3.75
FAI,Faido,TI,0-756-0-FAI,Automatische Niederschlagsstationen - Messwerte,Stations pluviométriques automatiques - Valeurs mesurées,Stazioni pluviometriche automatiche - Valori misurati,Automatic precipitation stations - Measurement values,MeteoSchweiz,01.01.1961,747,NA,2704950,1148266,46.477486,8.805294,Südwesthang,Versant sud-ouest,Versante sud-occidentale,south-western oriented slope,https://www.meteoschweiz.admin.ch/service-und-publikationen/applikationen/messwerte-und-messnetze.html#param=messnetz-automatisch&station=FAI,https://www.meteosuisse.admin.ch/services-et-publications/applications/valeurs-mesurees-et-reseaux-de-mesure.html#param=messnetz-automatisch&station=FAI,https://www.meteosvizzera.admin.ch/servizi-e-pubblicazioni/applicazioni/valori-attuali-e-reti-di-misura.html#param=messnetz-automatisch&station=FAI,https://www.meteoswiss.admin.ch/services-and-publications/applications/measurement-values-and-measuring-networks.html#param=messnetz-automatisch&station=FAI,FAI,30,223.1,7.44
FIO,Fionnay,VS,0-756-0-FIO,Automatische Niederschlagsstationen - Messwerte,Stations pluviométriques automatiques - Valeurs mesurées,Stazioni pluviometriche automatiche - Valori misurati,Automatic precipitation stations - Measurement values,"MeteoSchweiz, SLF",01.01.1972,1500,NA,2589959,1097765,46.03135,7.308961,Muldenlage,Dépression,Depressione,basin,https://www.meteoschweiz.admin.ch/service-und-publikationen/applikationen/messwerte-und-messnetze.html#param=messnetz-automatisch&station=FIO,https://www.meteosuisse.admin.ch/services-et-publications/applications/valeurs-mesurees-et-reseaux-de-mesure.html#param=messnetz-automatisch&station=FIO,https://www.meteosvizzera.admin.ch/servizi-e-pubblicazioni/applicazioni/valori-attuali-e-reti-di-misura.html#param=messnetz-automatisch&station=FIO,https://www.meteoswiss.admin.ch/services-and-publications/applications/measurement-values-and-measuring-networks.html#param=messnetz-automatisch&station=FIO,FIO,30,109.4,3.65
FIT,Fieschertal,VS,0-756-0-FIT,Automatische Niederschlagsstationen - Messwerte,Stations pluviométriques automatiques - Valeurs mesurées,Stazioni pluviometriche automatiche - Valori misurati,Automatic precipitation stations - Measurement values,MeteoSchweiz,01.01.1967,1203,NA,2654028,1142172,46.428711,8.141528,Tal,Vallée,Valle,valley,https://www.meteoschweiz.admin.ch/service-und-publikationen/applikationen/messwerte-und-messnetze.html#param=messnetz-automatisch&station=FIT,https://www.meteosuisse.admin.ch/services-et-publications/applications/valeurs-mesurees-et-reseaux-de-mesure.html#param=messnetz-automatisch&station=FIT,https://www.meteosvizzera.admin.ch/servizi-e-pubblicazioni/applicazioni/valori-attuali-e-reti-di-misura.html#param=messnetz-automatisch&station=FIT,https://www.meteoswiss.admin.ch/services-and-publications/applications/measurement-values-and-measuring-networks.html#param=messnetz-automatisch&station=FIT,FIT,30,114.6,3.82
FLW,Flawil,SG,0-756-0-FLW,Automatische Niederschlagsstationen - Messwerte,Stations pluviométriques automatiques - Valeurs mesurées,Stazioni pluviometriche automatiche - Valori misurati,Automatic precipitation stations - Measurement values,MeteoSchweiz,01.01.1900,571,NA,2733137,1252978,47.414142,9.202886,Ebene,Plaine,Pianura,plain,https://www.meteoschweiz.admin.ch/service-und-publikationen/applikationen/messwerte-und-messnetze.html#param=messnetz-automatisch&station=FLW,https://www.meteosuisse.admin.ch/services-et-publications/applications/valeurs-mesurees-et-reseaux-de-mesure.html#param=messnetz-automatisch&station=FLW,https://www.meteosvizzera.admin.ch/servizi-e-pubblicazioni/applicazioni/valori-attuali-e-reti-di-misura.html#param=messnetz-automatisch&station=FLW,https://www.meteoswiss.admin.ch/services-and-publications/applications/measurement-values-and-measuring-networks.html#param=messnetz-automatisch&station=FLW,FLW,30,130.5,4.35
GAD,Gadmen,BE,0-756-0-GAD,Automatische Niederschlagsstationen - Messwerte,Stations pluviométriques automatiques - Valeurs mesurées,Stazioni pluviometriche automatiche - Valori misurati,Automatic precipitation stations - Measurement values,"Kt. BE, SLF",28.07.1911,1190,NA,2669741,1176590,46.73685,8.351136,Tal,Vallée,Valle,valley,https://www.meteoschweiz.admin.ch/service-und-publikationen/applikationen/messwerte-und-messnetze.html#param=messnetz-automatisch&station=GAD,https://www.meteosuisse.admin.ch/services-et-publications/applications/valeurs-mesurees-et-reseaux-de-mesure.html#param=messnetz-automatisch&station=GAD,https://www.meteosvizzera.admin.ch/servizi-e-pubblicazioni/applicazioni/valori-attuali-e-reti-di-misura.html#param=messnetz-automatisch&station=GAD,https://www.meteoswiss.admin.ch/services-and-publications/applications/measurement-values-and-measuring-networks.html#param=messnetz-automatisch&station=GAD,GAD,30,163.4,5.45
GOA,Göscheneralp,UR,0-756-0-GOA,Automatische Niederschlagsstationen - Messwerte,Stations pluviométriques automatiques - Valeurs mesurées,Stazioni pluviometriche automatiche - Valori misurati,Automatic precipitation stations - Measurement values,MeteoSchweiz,01.01.1969,1745,NA,2681253,1166804,46.647525,8.500025,Tal,Vallée,Valle,valley,https://www.meteoschweiz.admin.ch/service-und-publikationen/applikationen/messwerte-und-messnetze.html#param=messnetz-automatisch&station=GOA,https://www.meteosuisse.admin.ch/services-et-publications/applications/valeurs-mesurees-et-reseaux-de-mesure.html#param=messnetz-automatisch&station=GOA,https://www.meteosvizzera.admin.ch/servizi-e-pubblicazioni/applicazioni/valori-attuali-e-reti-di-misura.html#param=messnetz-automatisch&station=GOA,https://www.meteoswiss.admin.ch/services-and-publications/applications/measurement-values-and-measuring-networks.html#param=messnetz-automatisch&station=GOA,GOA,30,246.6,8.22
GSG,"Gsteig, Gstaad",BE,0-756-0-GSG,Automatische Niederschlagsstationen - Messwerte,Stations pluviométriques automatiques - Valeurs mesurées,Stazioni pluviometriche automatiche - Valori misurati,Automatic precipitation stations - Measurement values,"MeteoSchweiz, SLF",01.01.1901,1196,NA,2587686,1136142,46.376533,7.278592,Tal,Vallée,Valle,valley,https://www.meteoschweiz.admin.ch/service-und-publikationen/applikationen/messwerte-und-messnetze.html#param=messnetz-automatisch&station=GSG,https://www.meteosuisse.admin.ch/services-et-publications/applications/valeurs-mesurees-et-reseaux-de-mesure.html#param=messnetz-automatisch&station=GSG,https://www.meteosvizzera.admin.ch/servizi-e-pubblicazioni/applicazioni/valori-attuali-e-reti-di-misura.html#param=messnetz-automatisch&station=GSG,https://www.meteoswiss.admin.ch/services-and-publications/applications/measurement-values-and-measuring-networks.html#param=messnetz-automatisch&station=GSG,GSG,30,131.6,4.39
GTT,Guttannen,BE,0-756-0-GTT,Automatische Niederschlagsstationen - Messwerte,Stations pluviométriques automatiques - Valeurs mesurées,Stazioni pluviometriche automatiche - Valori misurati,Automatic precipitation stations - Measurement values,MeteoSchweiz,01.08.1876,1055,NA,2665297,1167601,46.656444,8.291717,Tal,Vallée,Valle,valley,https://www.meteoschweiz.admin.ch/service-und-publikationen/applikationen/messwerte-und-messnetze.html#param=messnetz-automatisch&station=GTT,https://www.meteosuisse.admin.ch/services-et-publications/applications/valeurs-mesurees-et-reseaux-de-mesure.html#param=messnetz-automatisch&station=GTT,https://www.meteosvizzera.admin.ch/servizi-e-pubblicazioni/applicazioni/valori-attuali-e-reti-di-misura.html#param=messnetz-automatisch&station=GTT,https://www.meteoswiss.admin.ch/services-and-publications/applications/measurement-values-and-measuring-networks.html#param=messnetz-automatisch&station=GTT,GTT,30,164.4,5.48
HIW,Hinwil,ZH,0-756-0-HIW,Automatische Niederschlagsstationen - Messwerte,Stations pluviométriques automatiques - Valeurs mesurées,Stazioni pluviometriche automatiche - Valori misurati,Automatic precipitation stations - Measurement values,MeteoSchweiz,01.01.1961,539,NA,2703874,1240717,47.309147,8.812358,Ebene,Plaine,Pianura,plain,https://www.meteoschweiz.admin.ch/service-und-publikationen/applikationen/messwerte-und-messnetze.html#param=messnetz-automatisch&station=HIW,https://www.meteosuisse.admin.ch/services-et-publications/applications/valeurs-mesurees-et-reseaux-de-mesure.html#param=messnetz-automatisch&station=HIW,https://www.meteosvizzera.admin.ch/servizi-e-pubblicazioni/applicazioni/valori-attuali-e-reti-di-misura.html#param=messnetz-automatisch&station=HIW,https://www.meteoswiss.admin.ch/services-and-publications/applications/measurement-values-and-measuring-networks.html#param=messnetz-automatisch&station=HIW,HIW,30,159.5,5.32
HUT,Huttwil,BE,0-756-0-HUT,Automatische Niederschlagsstationen - Messwerte,Stations pluviométriques automatiques - Valeurs mesurées,Stazioni pluviometriche automatiche - Valori misurati,Automatic precipitation stations - Measurement values,MeteoSchweiz,01.05.1971,633,NA,2630261,1218189,47.114003,7.837364,Ebene,Plaine,Pianura,plain,https://www.meteoschweiz.admin.ch/service-und-publikationen/applikationen/messwerte-und-messnetze.html#param=messnetz-automatisch&station=HUT,https://www.meteosuisse.admin.ch/services-et-publications/applications/valeurs-mesurees-et-reseaux-de-mesure.html#param=messnetz-automatisch&station=HUT,https://www.meteosvizzera.admin.ch/servizi-e-pubblicazioni/applicazioni/valori-attuali-e-reti-di-misura.html#param=messnetz-automatisch&station=HUT,https://www.meteoswiss.admin.ch/services-and-publications/applications/measurement-values-and-measuring-networks.html#param=messnetz-automatisch&station=HUT,HUT,30,139.6,4.65
INN,Innerthal,SZ,0-756-0-INN,Automatische Niederschlagsstationen - Messwerte,Stations pluviométriques automatiques - Valeurs mesurées,Stazioni pluviometriche automatiche - Valori misurati,Automatic precipitation stations - Measurement values,MeteoSchweiz,01.01.1961,903,NA,2712080,1218326,47.106439,8.915283,Südhang,Versant sud,Versante meridionale,southern oriented slope,https://www.meteoschweiz.admin.ch/service-und-publikationen/applikationen/messwerte-und-messnetze.html#param=messnetz-automatisch&station=INN,https://www.meteosuisse.admin.ch/services-et-publications/applications/valeurs-mesurees-et-reseaux-de-mesure.html#param=messnetz-automatisch&station=INN,https://www.meteosvizzera.admin.ch/servizi-e-pubblicazioni/applicazioni/valori-attuali-e-reti-di-misura.html#param=messnetz-automatisch&station=INN,https://www.meteoswiss.admin.ch/services-and-publications/applications/measurement-values-and-measuring-networks.html#param=messnetz-automatisch&station=INN,INN,30,203.8,6.79
JON,Jona,SG,0-756-0-JON,Automatische Niederschlagsstationen - Messwerte,Stations pluviométriques automatiques - Valeurs mesurées,Stazioni pluviometriche automatiche - Valori misurati,Automatic precipitation stations - Measurement values,MeteoSchweiz,01.01.1961,410,NA,2706761,1231290,47.223908,8.848289,Ebene,Plaine,Pianura,plain,https://www.meteoschweiz.admin.ch/service-und-publikationen/applikationen/messwerte-und-messnetze.html#param=messnetz-automatisch&station=JON,https://www.meteosuisse.admin.ch/services-et-publications/applications/valeurs-mesurees-et-reseaux-de-mesure.html#param=messnetz-automatisch&station=JON,https://www.meteosvizzera.admin.ch/servizi-e-pubblicazioni/applicazioni/valori-attuali-e-reti-di-misura.html#param=messnetz-automatisch&station=JON,https://www.meteoswiss.admin.ch/services-and-publications/applications/measurement-values-and-measuring-networks.html#param=messnetz-automatisch&station=JON,JON,30,138.2,4.61
KAI,"Kaiserstuhl, AG",AG,0-756-0-KAI,Automatische Niederschlagsstationen - Messwerte,Stations pluviométriques automatiques - Valeurs mesurées,Stazioni pluviometriche automatiche - Valori misurati,Automatic precipitation stations - Measurement values,MeteoSchweiz,01.01.1901,361,NA,2673335,1269333,47.570603,8.413231,Ebene,Plaine,Pianura,plain,https://www.meteoschweiz.admin.ch/service-und-publikationen/applikationen/messwerte-und-messnetze.html#param=messnetz-automatisch&station=KAI,https://www.meteosuisse.admin.ch/services-et-publications/applications/valeurs-mesurees-et-reseaux-de-mesure.html#param=messnetz-automatisch&station=KAI,https://www.meteosvizzera.admin.ch/servizi-e-pubblicazioni/applicazioni/valori-attuali-e-reti-di-misura.html#param=messnetz-automatisch&station=KAI,https://www.meteoswiss.admin.ch/services-and-publications/applications/measurement-values-and-measuring-networks.html#param=messnetz-automatisch&station=KAI,KAI,30,121.1,4.04
KAS,Kandersteg,BE,0-756-0-KAS,Automatische Niederschlagsstationen - Messwerte,Stations pluviométriques automatiques - Valeurs mesurées,Stazioni pluviometriche automatiche - Valori misurati,Automatic precipitation stations - Measurement values,MeteoSchweiz,01.08.1899,1178,NA,2618313,1149198,46.493842,7.677167,Tal,Vallée,Valle,valley,https://www.meteoschweiz.admin.ch/service-und-publikationen/applikationen/messwerte-und-messnetze.html#param=messnetz-automatisch&station=KAS,https://www.meteosuisse.admin.ch/services-et-publications/applications/valeurs-mesurees-et-reseaux-de-mesure.html#param=messnetz-automatisch&station=KAS,https://www.meteosvizzera.admin.ch/servizi-e-pubblicazioni/applicazioni/valori-attuali-e-reti-di-misura.html#param=messnetz-automatisch&station=KAS,https://www.meteoswiss.admin.ch/services-and-publications/applications/measurement-values-and-measuring-networks.html#param=messnetz-automatisch&station=KAS,KAS,30,123.1,4.1
KIE,Kiental,BE,0-756-0-KIE,Automatische Niederschlagsstationen - Messwerte,Stations pluviométriques automatiques - Valeurs mesurées,Stazioni pluviometriche automatiche - Valori misurati,Automatic precipitation stations - Measurement values,Kt. BE,01.01.1901,930,NA,2622110,1159075,46.582575,7.727097,Tal,Vallée,Valle,valley,https://www.meteoschweiz.admin.ch/service-und-publikationen/applikationen/messwerte-und-messnetze.html#param=messnetz-automatisch&station=KIE,https://www.meteosuisse.admin.ch/services-et-publications/applications/valeurs-mesurees-et-reseaux-de-mesure.html#param=messnetz-automatisch&station=KIE,https://www.meteosvizzera.admin.ch/servizi-e-pubblicazioni/applicazioni/valori-attuali-e-reti-di-misura.html#param=messnetz-automatisch&station=KIE,https://www.meteoswiss.admin.ch/services-and-publications/applications/measurement-values-and-measuring-networks.html#param=messnetz-automatisch&station=KIE,KIE,30,129.6,4.32
KIS,Kiesen,BE,0-756-0-KIS,Automatische Niederschlagsstationen - Messwerte,Stations pluviométriques automatiques - Valeurs mesurées,Stazioni pluviometriche automatiche - Valori misurati,Automatic precipitation stations - Measurement values,MeteoSchweiz,01.01.1972,535,NA,2610256,1185527,46.820811,7.573036,Ebene,Plaine,Pianura,plain,https://www.meteoschweiz.admin.ch/service-und-publikationen/applikationen/messwerte-und-messnetze.html#param=messnetz-automatisch&station=KIS,https://www.meteosuisse.admin.ch/services-et-publications/applications/valeurs-mesurees-et-reseaux-de-mesure.html#param=messnetz-automatisch&station=KIS,https://www.meteosvizzera.admin.ch/servizi-e-pubblicazioni/applicazioni/valori-attuali-e-reti-di-misura.html#param=messnetz-automatisch&station=KIS,https://www.meteoswiss.admin.ch/services-and-publications/applications/measurement-values-and-measuring-networks.html#param=messnetz-automatisch&station=KIS,KIS,30,88.4,2.95
KLA,Klosters,GR,0-756-0-KLA,Automatische Niederschlagsstationen - Messwerte,Stations pluviométriques automatiques - Valeurs mesurées,Stazioni pluviometriche automatiche - Valori misurati,Automatic precipitation stations - Measurement values,MeteoSchweiz,01.01.1864,1186,NA,2786858,1193366,46.865153,9.889703,Tal,Vallée,Valle,valley,https://www.meteoschweiz.admin.ch/service-und-publikationen/applikationen/messwerte-und-messnetze.html#param=messnetz-automatisch&station=KLA,https://www.meteosuisse.admin.ch/services-et-publications/applications/valeurs-mesurees-et-reseaux-de-mesure.html#param=messnetz-automatisch&station=KLA,https://www.meteosvizzera.admin.ch/servizi-e-pubblicazioni/applicazioni/valori-attuali-e-reti-di-misura.html#param=messnetz-automatisch&station=KLA,https://www.meteoswiss.admin.ch/services-and-publications/applications/measurement-values-and-measuring-networks.html#param=messnetz-automatisch&station=KLA,KLA,30,110.5,3.68
KUE,"Küsnacht, ZH",ZH,0-756-0-KUE,Automatische Niederschlagsstationen - Messwerte,Stations pluviométriques automatiques - Valeurs mesurées,Stazioni pluviometriche automatiche - Valori misurati,Automatic precipitation stations - Measurement values,MeteoSchweiz,01.01.1900,413,NA,2686703,1240572,47.310325,8.585281,Ebene,Plaine,Pianura,plain,https://www.meteoschweiz.admin.ch/service-und-publikationen/applikationen/messwerte-und-messnetze.html#param=messnetz-automatisch&station=KUE,https://www.meteosuisse.admin.ch/services-et-publications/applications/valeurs-mesurees-et-reseaux-de-mesure.html#param=messnetz-automatisch&station=KUE,https://www.meteosvizzera.admin.ch/servizi-e-pubblicazioni/applicazioni/valori-attuali-e-reti-di-misura.html#param=messnetz-automatisch&station=KUE,https://www.meteoswiss.admin.ch/services-and-publications/applications/measurement-values-and-measuring-networks.html#param=messnetz-automatisch&station=KUE,KUE,30,154.5,5.15
LAB,Langenbruck,BL,0-756-0-LAB,Automatische Niederschlagsstationen - Messwerte,Stations pluviométriques automatiques - Valeurs mesurées,Stazioni pluviometriche automatiche - Valori misurati,Automatic precipitation stations - Measurement values,MeteoSchweiz,01.05.1882,731,NA,2624250,1244720,47.352886,7.759594,Osthang,Versant est,Versante orientale,eastern oriented slope,https://www.meteoschweiz.admin.ch/service-und-publikationen/applikationen/messwerte-und-messnetze.html#param=messnetz-automatisch&station=LAB,https://www.meteosuisse.admin.ch/services-et-publications/applications/valeurs-mesurees-et-reseaux-de-mesure.html#param=messnetz-automatisch&station=LAB,https://www.meteosvizzera.admin.ch/servizi-e-pubblicazioni/applicazioni/valori-attuali-e-reti-di-misura.html#param=messnetz-automatisch&station=LAB,https://www.meteoswiss.admin.ch/services-and-publications/applications/measurement-values-and-measuring-networks.html#param=messnetz-automatisch&station=LAB,LAB,30,136.5,4.55
LAP,Laupen,BE,0-756-0-LAP,Automatische Niederschlagsstationen - Messwerte,Stations pluviométriques automatiques - Valeurs mesurées,Stazioni pluviometriche automatiche - Valori misurati,Automatic precipitation stations - Measurement values,MeteoSchweiz,01.01.1972,483,NA,2584905,1196204,46.916764,7.240475,Ebene,Plaine,Pianura,plain,https://www.meteoschweiz.admin.ch/service-und-publikationen/applikationen/messwerte-und-messnetze.html#param=messnetz-automatisch&station=LAP,https://www.meteosuisse.admin.ch/services-et-publications/applications/valeurs-mesurees-et-reseaux-de-mesure.html#param=messnetz-automatisch&station=LAP,https://www.meteosvizzera.admin.ch/servizi-e-pubblicazioni/applicazioni/valori-attuali-e-reti-di-misura.html#param=messnetz-automatisch&station=LAP,https://www.meteoswiss.admin.ch/services-and-publications/applications/measurement-values-and-measuring-networks.html#param=messnetz-automatisch&station=LAP,LAP,30,148.7,4.96
LEU,Leukerbad,VS,0-756-0-LEU,Automatische Niederschlagsstationen - Messwerte,Stations pluviométriques automatiques - Valeurs mesurées,Stazioni pluviometriche automatiche - Valori misurati,Automatic precipitation stations - Measurement values,MeteoSchweiz,01.09.1884,1286,NA,2614083,1135090,46.367036,7.621639,Tal,Vallée,Valle,valley,https://www.meteoschweiz.admin.ch/service-und-publikationen/applikationen/messwerte-und-messnetze.html#param=messnetz-automatisch&station=LEU,https://www.meteosuisse.admin.ch/services-et-publications/applications/valeurs-mesurees-et-reseaux-de-mesure.html#param=messnetz-automatisch&station=LEU,https://www.meteosvizzera.admin.ch/servizi-e-pubblicazioni/applicazioni/valori-attuali-e-reti-di-misura.html#param=messnetz-automatisch&station=LEU,https://www.meteoswiss.admin.ch/services-and-publications/applications/measurement-values-and-measuring-networks.html#param=messnetz-automatisch&station=LEU,LEU,30,92.4,3.08
LGA,Langnau am Albis,ZH,0-756-0-LGA,Automatische Niederschlagsstationen - Messwerte,Stations pluviométriques automatiques - Valeurs mesurées,Stazioni pluviometriche automatiche - Valori misurati,Automatic precipitation stations - Measurement values,MeteoSchweiz,01.03.1971,535,NA,2682763,1238014,47.287825,8.532708,Osthang,Versant est,Versante orientale,eastern oriented slope,https://www.meteoschweiz.admin.ch/service-und-publikationen/applikationen/messwerte-und-messnetze.html#param=messnetz-automatisch&station=LGA,https://www.meteosuisse.admin.ch/services-et-publications/applications/valeurs-mesurees-et-reseaux-de-mesure.html#param=messnetz-automatisch&station=LGA,https://www.meteosvizzera.admin.ch/servizi-e-pubblicazioni/applicazioni/valori-attuali-e-reti-di-misura.html#param=messnetz-automatisch&station=LGA,https://www.meteoswiss.admin.ch/services-and-publications/applications/measurement-values-and-measuring-networks.html#param=messnetz-automatisch&station=LGA,LGA,30,165.6,5.52
LOH,"Lohn, SH",SH,0-756-0-LOH,Automatische Niederschlagsstationen - Messwerte,Stations pluviométriques automatiques - Valeurs mesurées,Stazioni pluviometriche automatiche - Valori misurati,Automatic precipitation stations - Measurement values,MeteoSchweiz,01.10.1863,585,NA,2692911,1289775,47.751944,8.677636,Südosthang,Versant sud-est,Versante sud-orientale,south-eastern oriented slope,https://www.meteoschweiz.admin.ch/service-und-publikationen/applikationen/messwerte-und-messnetze.html#param=messnetz-automatisch&station=LOH,https://www.meteosuisse.admin.ch/services-et-publications/applications/valeurs-mesurees-et-reseaux-de-mesure.html#param=messnetz-automatisch&station=LOH,https://www.meteosvizzera.admin.ch/servizi-e-pubblicazioni/applicazioni/valori-attuali-e-reti-di-misura.html#param=messnetz-automatisch&station=LOH,https://www.meteoswiss.admin.ch/services-and-publications/applications/measurement-values-and-measuring-networks.html#param=messnetz-automatisch&station=LOH,LOH,30,102.1,3.4
LON,Longirod,VD,0-756-0-LON,Automatische Niederschlagsstationen - Messwerte,Stations pluviométriques automatiques - Valeurs mesurées,Stazioni pluviometriche automatiche - Valori misurati,Automatic precipitation stations - Measurement values,MeteoSchweiz,01.04.1886,900,NA,2509387,1150107,46.496139,6.258281,Anhöhe (30 - 100 m über Talsohle),Butte (30-100 m au-dessus du fond de vallée),Collina (30 - 100 m sopra il fondovalle),height (30-100 m above valley),https://www.meteoschweiz.admin.ch/service-und-publikationen/applikationen/messwerte-und-messnetze.html#param=messnetz-automatisch&station=LON,https://www.meteosuisse.admin.ch/services-et-publications/applications/valeurs-mesurees-et-reseaux-de-mesure.html#param=messnetz-automatisch&station=LON,https://www.meteosvizzera.admin.ch/servizi-e-pubblicazioni/applicazioni/valori-attuali-e-reti-di-misura.html#param=messnetz-automatisch&station=LON,https://www.meteoswiss.admin.ch/services-and-publications/applications/measurement-values-and-measuring-networks.html#param=messnetz-automatisch&station=LON,LON,30,128.7,4.29
LSN,Lausanne,VD,0-756-0-LSN,Automatische Niederschlagsstationen - Messwerte,Stations pluviométriques automatiques - Valeurs mesurées,Stazioni pluviometriche automatiche - Valori misurati,Automatic precipitation stations - Measurement values,MeteoSchweiz,01.01.1874,601,NA,2538976,1153256,46.527819,6.643267,Südhang,Versant sud,Versante meridionale,southern oriented slope,https://www.meteoschweiz.admin.ch/service-und-publikationen/applikationen/messwerte-und-messnetze.html#param=messnetz-automatisch&station=LSN,https://www.meteosuisse.admin.ch/services-et-publications/applications/valeurs-mesurees-et-reseaux-de-mesure.html#param=messnetz-automatisch&station=LSN,https://www.meteosvizzera.admin.ch/servizi-e-pubblicazioni/applicazioni/valori-attuali-e-reti-di-misura.html#param=messnetz-automatisch&station=LSN,https://www.meteoswiss.admin.ch/services-and-publications/applications/measurement-values-and-measuring-networks.html#param=messnetz-automatisch&station=LSN,LSN,30,198.3,6.61
LTB,Lauterbrunnen,BE,0-756-0-LTB,Automatische Niederschlagsstationen - Messwerte,Stations pluviométriques automatiques - Valeurs mesurées,Stazioni pluviometriche automatiche - Valori misurati,Automatic precipitation stations - Measurement values,MeteoSchweiz,01.08.1899,815,NA,2635851,1160291,46.592917,7.906464,Osthang,Versant est,Versante orientale,eastern oriented slope,https://www.meteoschweiz.admin.ch/service-und-publikationen/applikationen/messwerte-und-messnetze.html#param=messnetz-automatisch&station=LTB,https://www.meteosuisse.admin.ch/services-et-publications/applications/valeurs-mesurees-et-reseaux-de-mesure.html#param=messnetz-automatisch&station=LTB,https://www.meteosvizzera.admin.ch/servizi-e-pubblicazioni/applicazioni/valori-attuali-e-reti-di-misura.html#param=messnetz-automatisch&station=LTB,https://www.meteoswiss.admin.ch/services-and-publications/applications/measurement-values-and-measuring-networks.html#param=messnetz-automatisch&station=LTB,LTB,30,114.7,3.82
MAB,Martigny,VS,0-756-0-MAB,Automatische Niederschlagsstationen - Messwerte,Stations pluviométriques automatiques - Valeurs mesurées,Stazioni pluviometriche automatiche - Valori misurati,Automatic precipitation stations - Measurement values,MeteoSchweiz,01.01.1959,461,NA,2570919,1106546,46.109789,7.062517,Ebene,Plaine,Pianura,plain,https://www.meteoschweiz.admin.ch/service-und-publikationen/applikationen/messwerte-und-messnetze.html#param=messnetz-automatisch&station=MAB,https://www.meteosuisse.admin.ch/services-et-publications/applications/valeurs-mesurees-et-reseaux-de-mesure.html#param=messnetz-automatisch&station=MAB,https://www.meteosvizzera.admin.ch/servizi-e-pubblicazioni/applicazioni/valori-attuali-e-reti-di-misura.html#param=messnetz-automatisch&station=MAB,https://www.meteoswiss.admin.ch/services-and-publications/applications/measurement-values-and-measuring-networks.html#param=messnetz-automatisch&station=MAB,MAB,30,77.2,2.57
MAL,Malbun,FL,0-756-0-MAL,Automatische Niederschlagsstationen - Messwerte,Stations pluviométriques automatiques - Valeurs mesurées,Stazioni pluviometriche automatiche - Valori misurati,Automatic precipitation stations - Measurement values,MeteoSchweiz,01.02.1974,1610,NA,2764703,1219184,47.103161,9.608608,Westhang,Versant ouest,Versante occidentale,western oriented slope,https://www.meteoschweiz.admin.ch/service-und-publikationen/applikationen/messwerte-und-messnetze.html#param=messnetz-automatisch&station=MAL,https://www.meteosuisse.admin.ch/services-et-publications/applications/valeurs-mesurees-et-reseaux-de-mesure.html#param=messnetz-automatisch&station=MAL,https://www.meteosvizzera.admin.ch/servizi-e-pubblicazioni/applicazioni/valori-attuali-e-reti-di-misura.html#param=messnetz-automatisch&station=MAL,https://www.meteoswiss.admin.ch/services-and-publications/applications/measurement-values-and-measuring-networks.html#param=messnetz-automatisch&station=MAL,MAL,30,131.4,4.38
MAT,Martina,GR,0-756-0-MAT,Automatische Niederschlagsstationen - Messwerte,Stations pluviométriques automatiques - Valeurs mesurées,Stazioni pluviometriche automatiche - Valori misurati,Automatic precipitation stations - Measurement values,MeteoSchweiz,01.01.1901,1041,NA,2830465,1196986,46.884011,10.463031,Tal,Vallée,Valle,valley,https://www.meteoschweiz.admin.ch/service-und-publikationen/applikationen/messwerte-und-messnetze.html#param=messnetz-automatisch&station=MAT,https://www.meteosuisse.admin.ch/services-et-publications/applications/valeurs-mesurees-et-reseaux-de-mesure.html#param=messnetz-automatisch&station=MAT,https://www.meteosvizzera.admin.ch/servizi-e-pubblicazioni/applicazioni/valori-attuali-e-reti-di-misura.html#param=messnetz-automatisch&station=MAT,https://www.meteoswiss.admin.ch/services-and-publications/applications/measurement-values-and-measuring-networks.html#param=messnetz-automatisch&station=MAT,MAT,30,65.6,2.19
MEV,Mervelier,JU,0-756-0-MEV,Automatische Niederschlagsstationen - Messwerte,Stations pluviométriques automatiques - Valeurs mesurées,Stazioni pluviometriche automatiche - Valori misurati,Automatic precipitation stations - Measurement values,MeteoSchweiz,01.01.1906,540,NA,2603884,1243975,47.346619,7.490042,Ebene,Plaine,Pianura,plain,https://www.meteoschweiz.admin.ch/service-und-publikationen/applikationen/messwerte-und-messnetze.html#param=messnetz-automatisch&station=MEV,https://www.meteosuisse.admin.ch/services-et-publications/applications/valeurs-mesurees-et-reseaux-de-mesure.html#param=messnetz-automatisch&station=MEV,https://www.meteosvizzera.admin.ch/servizi-e-pubblicazioni/applicazioni/valori-attuali-e-reti-di-misura.html#param=messnetz-automatisch&station=MEV,https://www.meteoswiss.admin.ch/services-and-publications/applications/measurement-values-and-measuring-networks.html#param=messnetz-automatisch&station=MEV,MEV,30,158.5,5.28
MGL,Magglingen,BE,0-756-0-MGL,Automatische Niederschlagsstationen - Messwerte,Stations pluviométriques automatiques - Valeurs mesurées,Stazioni pluviometriche automatiche - Valori misurati,Automatic precipitation stations - Measurement values,MeteoSchweiz,01.01.1959,883,NA,2583037,1221116,47.1408,7.215022,Südosthang,Versant sud-est,Versante sud-orientale,south-eastern oriented slope,https://www.meteoschweiz.admin.ch/service-und-publikationen/applikationen/messwerte-und-messnetze.html#param=messnetz-automatisch&station=MGL,https://www.meteosuisse.admin.ch/services-et-publications/applications/valeurs-mesurees-et-reseaux-de-mesure.html#param=messnetz-automatisch&station=MGL,https://www.meteosvizzera.admin.ch/servizi-e-pubblicazioni/applicazioni/valori-attuali-e-reti-di-misura.html#param=messnetz-automatisch&station=MGL,https://www.meteoswiss.admin.ch/services-and-publications/applications/measurement-values-and-measuring-networks.html#param=messnetz-automatisch&station=MGL,MGL,30,156.5,5.22
MMO,Mormont,JU,0-756-0-MMO,Automatische Niederschlagsstationen - Messwerte,Stations pluviométriques automatiques - Valeurs mesurées,Stazioni pluviometriche automatiche - Valori misurati,Automatic precipitation stations - Measurement values,MeteoSchweiz,01.01.1889,535,NA,2569727,1254224,47.438111,7.037333,Südosthang,Versant sud-est,Versante sud-orientale,south-eastern oriented slope,https://www.meteoschweiz.admin.ch/service-und-publikationen/applikationen/messwerte-und-messnetze.html#param=messnetz-automatisch&station=MMO,https://www.meteosuisse.admin.ch/services-et-publications/applications/valeurs-mesurees-et-reseaux-de-mesure.html#param=messnetz-automatisch&station=MMO,https://www.meteosvizzera.admin.ch/servizi-e-pubblicazioni/applicazioni/valori-attuali-e-reti-di-misura.html#param=messnetz-automatisch&station=MMO,https://www.meteoswiss.admin.ch/services-and-publications/applications/measurement-values-and-measuring-networks.html#param=messnetz-automatisch&station=MMO,MMO,30,130,4.33
MSG,Mosogno,TI,0-756-0-MSG,Automatische Niederschlagsstationen - Messwerte,Stations pluviométriques automatiques - Valeurs mesurées,Stazioni pluviometriche automatiche - Valori misurati,Automatic precipitation stations - Measurement values,MeteoSchweiz,01.01.1901,775,NA,2692799,1117054,46.198544,8.640861,Südhang,Versant sud,Versante meridionale,southern oriented slope,https://www.meteoschweiz.admin.ch/service-und-publikationen/applikationen/messwerte-und-messnetze.html#param=messnetz-automatisch&station=MSG,https://www.meteosuisse.admin.ch/services-et-publications/applications/valeurs-mesurees-et-reseaux-de-mesure.html#param=messnetz-automatisch&station=MSG,https://www.meteosvizzera.admin.ch/servizi-e-pubblicazioni/applicazioni/valori-attuali-e-reti-di-misura.html#param=messnetz-automatisch&station=MSG,https://www.meteoswiss.admin.ch/services-and-publications/applications/measurement-values-and-measuring-networks.html#param=messnetz-automatisch&station=MSG,MSG,30,350.4,11.68
MUR,"Muri, AG",AG,0-756-0-MUR,Automatische Niederschlagsstationen - Messwerte,Stations pluviométriques automatiques - Valeurs mesurées,Stazioni pluviometriche automatiche - Valori misurati,Automatic precipitation stations - Measurement values,MeteoSchweiz,01.01.1864,577,NA,2667277,1235323,47.265381,8.327608,Osthang,Versant est,Versante orientale,eastern oriented slope,https://www.meteoschweiz.admin.ch/service-und-publikationen/applikationen/messwerte-und-messnetze.html#param=messnetz-automatisch&station=MUR,https://www.meteosuisse.admin.ch/services-et-publications/applications/valeurs-mesurees-et-reseaux-de-mesure.html#param=messnetz-automatisch&station=MUR,https://www.meteosvizzera.admin.ch/servizi-e-pubblicazioni/applicazioni/valori-attuali-e-reti-di-misura.html#param=messnetz-automatisch&station=MUR,https://www.meteoswiss.admin.ch/services-and-publications/applications/measurement-values-and-measuring-networks.html#param=messnetz-automatisch&station=MUR,MUR,30,145,4.83
NEB,Nesselboden,SO,0-756-0-NEB,Automatische Niederschlagsstationen - Messwerte,Stations pluviométriques automatiques - Valeurs mesurées,Stazioni pluviometriche automatiche - Valori misurati,Automatic precipitation stations - Measurement values,MeteoSchweiz,01.01.1961,1055,NA,2605295,1232697,47.245169,7.508581,Südhang,Versant sud,Versante meridionale,southern oriented slope,https://www.meteoschweiz.admin.ch/service-und-publikationen/applikationen/messwerte-und-messnetze.html#param=messnetz-automatisch&station=NEB,https://www.meteosuisse.admin.ch/services-et-publications/applications/valeurs-mesurees-et-reseaux-de-mesure.html#param=messnetz-automatisch&station=NEB,https://www.meteosvizzera.admin.ch/servizi-e-pubblicazioni/applicazioni/valori-attuali-e-reti-di-misura.html#param=messnetz-automatisch&station=NEB,https://www.meteoswiss.admin.ch/services-and-publications/applications/measurement-values-and-measuring-networks.html#param=messnetz-automatisch&station=NEB,NEB,30,163.5,5.45
OBI,Oberiberg,SZ,0-756-0-OBI,Automatische Niederschlagsstationen - Messwerte,Stations pluviométriques automatiques - Valeurs mesurées,Stazioni pluviometriche automatiche - Valori misurati,Automatic precipitation stations - Measurement values,MeteoSchweiz,01.10.1883,1075,NA,2701842,1210464,47.037383,8.778656,Tal,Vallée,Valle,valley,https://www.meteoschweiz.admin.ch/service-und-publikationen/applikationen/messwerte-und-messnetze.html#param=messnetz-automatisch&station=OBI,https://www.meteosuisse.admin.ch/services-et-publications/applications/valeurs-mesurees-et-reseaux-de-mesure.html#param=messnetz-automatisch&station=OBI,https://www.meteosvizzera.admin.ch/servizi-e-pubblicazioni/applicazioni/valori-attuali-e-reti-di-misura.html#param=messnetz-automatisch&station=OBI,https://www.meteoswiss.admin.ch/services-and-publications/applications/measurement-values-and-measuring-networks.html#param=messnetz-automatisch&station=OBI,OBI,30,156.4,5.21
OED,Ehrendingen,AG,0-756-0-OED,Automatische Niederschlagsstationen - Messwerte,Stations pluviométriques automatiques - Valeurs mesurées,Stazioni pluviometriche automatiche - Valori misurati,Automatic precipitation stations - Measurement values,MeteoSchweiz,01.01.1961,428,NA,2667833,1262320,47.508125,8.339047,Ebene,Plaine,Pianura,plain,https://www.meteoschweiz.admin.ch/service-und-publikationen/applikationen/messwerte-und-messnetze.html#param=messnetz-automatisch&station=OED,https://www.meteosuisse.admin.ch/services-et-publications/applications/valeurs-mesurees-et-reseaux-de-mesure.html#param=messnetz-automatisch&station=OED,https://www.meteosvizzera.admin.ch/servizi-e-pubblicazioni/applicazioni/valori-attuali-e-reti-di-misura.html#param=messnetz-automatisch&station=OED,https://www.meteoswiss.admin.ch/services-and-publications/applications/measurement-values-and-measuring-networks.html#param=messnetz-automatisch&station=OED,OED,30,112.8,3.76
OPF,Opfikon,ZH,0-756-0-OPF,Automatische Niederschlagsstationen - Messwerte,Stations pluviométriques automatiques - Valeurs mesurées,Stazioni pluviometriche automatiche - Valori misurati,Automatic precipitation stations - Measurement values,MeteoSchweiz,01.01.1973,424,NA,2684615,1254698,47.437633,8.560339,Ebene,Plaine,Pianura,plain,https://www.meteoschweiz.admin.ch/service-und-publikationen/applikationen/messwerte-und-messnetze.html#param=messnetz-automatisch&station=OPF,https://www.meteosuisse.admin.ch/services-et-publications/applications/valeurs-mesurees-et-reseaux-de-mesure.html#param=messnetz-automatisch&station=OPF,https://www.meteosvizzera.admin.ch/servizi-e-pubblicazioni/applicazioni/valori-attuali-e-reti-di-misura.html#param=messnetz-automatisch&station=OPF,https://www.meteoswiss.admin.ch/services-and-publications/applications/measurement-values-and-measuring-networks.html#param=messnetz-automatisch&station=OPF,OPF,30,110.1,3.67
ORS,Orsières,VS,0-756-0-ORS,Automatische Niederschlagsstationen - Messwerte,Stations pluviométriques automatiques - Valeurs mesurées,Stazioni pluviometriche automatiche - Valori misurati,Automatic precipitation stations - Measurement values,MeteoSchweiz,01.01.1901,929,NA,2577021,1096695,46.021411,7.141919,Ebene,Plaine,Pianura,plain,https://www.meteoschweiz.admin.ch/service-und-publikationen/applikationen/messwerte-und-messnetze.html#param=messnetz-automatisch&station=ORS,https://www.meteosuisse.admin.ch/services-et-publications/applications/valeurs-mesurees-et-reseaux-de-mesure.html#param=messnetz-automatisch&station=ORS,https://www.meteosvizzera.admin.ch/servizi-e-pubblicazioni/applicazioni/valori-attuali-e-reti-di-misura.html#param=messnetz-automatisch&station=ORS,https://www.meteoswiss.admin.ch/services-and-publications/applications/measurement-values-and-measuring-networks.html#param=messnetz-automatisch&station=ORS,ORS,30,75.8,2.53
REM,Rempen,SZ,0-756-0-REM,Automatische Niederschlagsstationen - Messwerte,Stations pluviométriques automatiques - Valeurs mesurées,Stazioni pluviometriche automatiche - Valori misurati,Automatic precipitation stations - Measurement values,MeteoSchweiz,01.01.1969,650,NA,2710611,1221850,47.138378,8.896797,Tal,Vallée,Valle,valley,https://www.meteoschweiz.admin.ch/service-und-publikationen/applikationen/messwerte-und-messnetze.html#param=messnetz-automatisch&station=REM,https://www.meteosuisse.admin.ch/services-et-publications/applications/valeurs-mesurees-et-reseaux-de-mesure.html#param=messnetz-automatisch&station=REM,https://www.meteosvizzera.admin.ch/servizi-e-pubblicazioni/applicazioni/valori-attuali-e-reti-di-misura.html#param=messnetz-automatisch&station=REM,https://www.meteoswiss.admin.ch/services-and-publications/applications/measurement-values-and-measuring-networks.html#param=messnetz-automatisch&station=REM,REM,30,187.8,6.26
ROG,Rossberg,SZ,0-756-0-ROG,Automatische Niederschlagsstationen - Messwerte,Stations pluviométriques automatiques - Valeurs mesurées,Stazioni pluviometriche automatiche - Valori misurati,Automatic precipitation stations - Measurement values,MeteoSchweiz,11.09.2012,1129,NA,2684238,1214223,47.073664,8.547761,Nordosthang,Versant nord-est,Versante nord-orientale,north-eastern oriented slope,https://www.meteoschweiz.admin.ch/service-und-publikationen/applikationen/messwerte-und-messnetze.html#param=messnetz-automatisch&station=ROG,https://www.meteosuisse.admin.ch/services-et-publications/applications/valeurs-mesurees-et-reseaux-de-mesure.html#param=messnetz-automatisch&station=ROG,https://www.meteosvizzera.admin.ch/servizi-e-pubblicazioni/applicazioni/valori-attuali-e-reti-di-misura.html#param=messnetz-automatisch&station=ROG,https://www.meteoswiss.admin.ch/services-and-publications/applications/measurement-values-and-measuring-networks.html#param=messnetz-automatisch&station=ROG,ROG,30,237.8,7.93
ROM,Romont,FR,0-756-0-ROM,Automatische Niederschlagsstationen - Messwerte,Stations pluviométriques automatiques - Valeurs mesurées,Stazioni pluviometriche automatiche - Valori misurati,Automatic precipitation stations - Measurement values,MeteoSchweiz,07.09.1882,692,NA,2561476,1172622,46.703694,6.934894,Ebene,Plaine,Pianura,plain,https://www.meteoschweiz.admin.ch/service-und-publikationen/applikationen/messwerte-und-messnetze.html#param=messnetz-automatisch&station=ROM,https://www.meteosuisse.admin.ch/services-et-publications/applications/valeurs-mesurees-et-reseaux-de-mesure.html#param=messnetz-automatisch&station=ROM,https://www.meteosvizzera.admin.ch/servizi-e-pubblicazioni/applicazioni/valori-attuali-e-reti-di-misura.html#param=messnetz-automatisch&station=ROM,https://www.meteoswiss.admin.ch/services-and-publications/applications/measurement-values-and-measuring-networks.html#param=messnetz-automatisch&station=ROM,ROM,30,131.7,4.39
ROT,Rothenbrunnen,GR,0-756-0-ROT,Automatische Niederschlagsstationen - Messwerte,Stations pluviométriques automatiques - Valeurs mesurées,Stazioni pluviometriche automatiche - Valori misurati,Automatic precipitation stations - Measurement values,MeteoSchweiz,01.01.1961,620,NA,2751221,1181292,46.765636,9.418467,Ebene,Plaine,Pianura,plain,https://www.meteoschweiz.admin.ch/service-und-publikationen/applikationen/messwerte-und-messnetze.html#param=messnetz-automatisch&station=ROT,https://www.meteosuisse.admin.ch/services-et-publications/applications/valeurs-mesurees-et-reseaux-de-mesure.html#param=messnetz-automatisch&station=ROT,https://www.meteosvizzera.admin.ch/servizi-e-pubblicazioni/applicazioni/valori-attuali-e-reti-di-misura.html#param=messnetz-automatisch&station=ROT,https://www.meteoswiss.admin.ch/services-and-publications/applications/measurement-values-and-measuring-networks.html#param=messnetz-automatisch&station=ROT,ROT,30,108.3,3.61
SAI,Saignelégier,JU,0-756-0-SAI,Automatische Niederschlagsstationen - Messwerte,Stations pluviométriques automatiques - Valeurs mesurées,Stazioni pluviometriche automatiche - Valori misurati,Automatic precipitation stations - Measurement values,MeteoSchweiz,01.01.1901,883,NA,2565349,1234101,47.256906,6.980856,Nordhang,Versant nord,Versante settentrionale,northern oriented slope,https://www.meteoschweiz.admin.ch/service-und-publikationen/applikationen/messwerte-und-messnetze.html#param=messnetz-automatisch&station=SAI,https://www.meteosuisse.admin.ch/services-et-publications/applications/valeurs-mesurees-et-reseaux-de-mesure.html#param=messnetz-automatisch&station=SAI,https://www.meteosvizzera.admin.ch/servizi-e-pubblicazioni/applicazioni/valori-attuali-e-reti-di-misura.html#param=messnetz-automatisch&station=SAI,https://www.meteoswiss.admin.ch/services-and-publications/applications/measurement-values-and-measuring-networks.html#param=messnetz-automatisch&station=SAI,SAI,30,147.1,4.9
SAN,St. Antönien,GR,0-756-0-SAN,Automatische Niederschlagsstationen - Messwerte,Stations pluviométriques automatiques - Valeurs mesurées,Stazioni pluviometriche automatiche - Valori misurati,Automatic precipitation stations - Measurement values,MeteoSchweiz,01.01.1961,1456,NA,2781635,1205103,46.972131,9.825917,Tal,Vallée,Valle,valley,https://www.meteoschweiz.admin.ch/service-und-publikationen/applikationen/messwerte-und-messnetze.html#param=messnetz-automatisch&station=SAN,https://www.meteosuisse.admin.ch/services-et-publications/applications/valeurs-mesurees-et-reseaux-de-mesure.html#param=messnetz-automatisch&station=SAN,https://www.meteosvizzera.admin.ch/servizi-e-pubblicazioni/applicazioni/valori-attuali-e-reti-di-misura.html#param=messnetz-automatisch&station=SAN,https://www.meteoswiss.admin.ch/services-and-publications/applications/measurement-values-and-measuring-networks.html#param=messnetz-automatisch&station=SAN,SAN,30,114.7,3.82
SAP,Safien Platz,GR,0-756-0-SAP,Automatische Niederschlagsstationen - Messwerte,Stations pluviométriques automatiques - Valeurs mesurées,Stazioni pluviometriche automatiche - Valori misurati,Automatic precipitation stations - Measurement values,MeteoSchweiz,01.01.1901,1296,NA,2743557,1171437,46.678703,9.315078,Tal,Vallée,Valle,valley,https://www.meteoschweiz.admin.ch/service-und-publikationen/applikationen/messwerte-und-messnetze.html#param=messnetz-automatisch&station=SAP,https://www.meteosuisse.admin.ch/services-et-publications/applications/valeurs-mesurees-et-reseaux-de-mesure.html#param=messnetz-automatisch&station=SAP,https://www.meteosvizzera.admin.ch/servizi-e-pubblicazioni/applicazioni/valori-attuali-e-reti-di-misura.html#param=messnetz-automatisch&station=SAP,https://www.meteoswiss.admin.ch/services-and-publications/applications/measurement-values-and-measuring-networks.html#param=messnetz-automatisch&station=SAP,SAP,30,157.7,5.26
SAX,Salez / Saxerriet,SG,0-756-0-SAX,Automatische Niederschlagsstationen - Messwerte,Stations pluviométriques automatiques - Valeurs mesurées,Stazioni pluviometriche automatiche - Valori misurati,Automatic precipitation stations - Measurement values,MeteoSchweiz,01.01.1961,436,NA,2755559,1233374,47.232961,9.493086,Ebene,Plaine,Pianura,plain,https://www.meteoschweiz.admin.ch/service-und-publikationen/applikationen/messwerte-und-messnetze.html#param=messnetz-automatisch&station=SAX,https://www.meteosuisse.admin.ch/services-et-publications/applications/valeurs-mesurees-et-reseaux-de-mesure.html#param=messnetz-automatisch&station=SAX,https://www.meteosvizzera.admin.ch/servizi-e-pubblicazioni/applicazioni/valori-attuali-e-reti-di-misura.html#param=messnetz-automatisch&station=SAX,https://www.meteoswiss.admin.ch/services-and-publications/applications/measurement-values-and-measuring-networks.html#param=messnetz-automatisch&station=SAX,SAX,30,100.6,3.35
SIE,Siebnen,SZ,0-756-0-SIE,Automatische Niederschlagsstationen - Messwerte,Stations pluviométriques automatiques - Valeurs mesurées,Stazioni pluviometriche automatiche - Valori misurati,Automatic precipitation stations - Measurement values,MeteoSchweiz,01.01.1961,452,NA,2710822,1225538,47.171511,8.900483,Nordhang,Versant nord,Versante settentrionale,northern oriented slope,https://www.meteoschweiz.admin.ch/service-und-publikationen/applikationen/messwerte-und-messnetze.html#param=messnetz-automatisch&station=SIE,https://www.meteosuisse.admin.ch/services-et-publications/applications/valeurs-mesurees-et-reseaux-de-mesure.html#param=messnetz-automatisch&station=SIE,https://www.meteosvizzera.admin.ch/servizi-e-pubblicazioni/applicazioni/valori-attuali-e-reti-di-misura.html#param=messnetz-automatisch&station=SIE,https://www.meteoswiss.admin.ch/services-and-publications/applications/measurement-values-and-measuring-networks.html#param=messnetz-automatisch&station=SIE,SIE,30,155.9,5.2
SIH,Sihlbrugg,ZG,0-756-0-SIH,Automatische Niederschlagsstationen - Messwerte,Stations pluviométriques automatiques - Valeurs mesurées,Stazioni pluviometriche automatiche - Valori misurati,Automatic precipitation stations - Measurement values,MeteoSchweiz,01.01.1961,549,NA,2686319,1230586,47.220561,8.578283,Südosthang,Versant sud-est,Versante sud-orientale,south-eastern oriented slope,https://www.meteoschweiz.admin.ch/service-und-publikationen/applikationen/messwerte-und-messnetze.html#param=messnetz-automatisch&station=SIH,https://www.meteosuisse.admin.ch/services-et-publications/applications/valeurs-mesurees-et-reseaux-de-mesure.html#param=messnetz-automatisch&station=SIH,https://www.meteosvizzera.admin.ch/servizi-e-pubblicazioni/applicazioni/valori-attuali-e-reti-di-misura.html#param=messnetz-automatisch&station=SIH,https://www.meteoswiss.admin.ch/services-and-publications/applications/measurement-values-and-measuring-networks.html#param=messnetz-automatisch&station=SIH,SIH,30,183.2,6.11
SNG,Seengen,AG,0-756-0-SNG,Automatische Niederschlagsstationen - Messwerte,Stations pluviométriques automatiques - Valeurs mesurées,Stazioni pluviometriche automatiche - Valori misurati,Automatic precipitation stations - Measurement values,"Kt. AG, Hydrometrie",01.01.1951,445,NA,2656680,1242100,47.327328,8.18845,Muldenlage,Dépression,Depressione,basin,https://www.meteoschweiz.admin.ch/service-und-publikationen/applikationen/messwerte-und-messnetze.html#param=messnetz-automatisch&station=SNG,https://www.meteosuisse.admin.ch/services-et-publications/applications/valeurs-mesurees-et-reseaux-de-mesure.html#param=messnetz-automatisch&station=SNG,https://www.meteosvizzera.admin.ch/servizi-e-pubblicazioni/applicazioni/valori-attuali-e-reti-di-misura.html#param=messnetz-automatisch&station=SNG,https://www.meteoswiss.admin.ch/services-and-publications/applications/measurement-values-and-measuring-networks.html#param=messnetz-automatisch&station=SNG,SNG,30,120.8,4.03
SOG,Soglio,GR,0-756-0-SOG,Automatische Niederschlagsstationen - Messwerte,Stations pluviométriques automatiques - Valeurs mesurées,Stazioni pluviometriche automatiche - Valori misurati,Automatic precipitation stations - Measurement values,MeteoSchweiz,01.02.1884,1088,NA,2761418,1134510,46.342567,9.535533,Südhang,Versant sud,Versante meridionale,southern oriented slope,https://www.meteoschweiz.admin.ch/service-und-publikationen/applikationen/messwerte-und-messnetze.html#param=messnetz-automatisch&station=SOG,https://www.meteosuisse.admin.ch/services-et-publications/applications/valeurs-mesurees-et-reseaux-de-mesure.html#param=messnetz-automatisch&station=SOG,https://www.meteosvizzera.admin.ch/servizi-e-pubblicazioni/applicazioni/valori-attuali-e-reti-di-misura.html#param=messnetz-automatisch&station=SOG,https://www.meteoswiss.admin.ch/services-and-publications/applications/measurement-values-and-measuring-networks.html#param=messnetz-automatisch&station=SOG,SOG,30,207,6.9
STB,Starkenbach,SG,0-756-0-STB,Automatische Niederschlagsstationen - Messwerte,Stations pluviométriques automatiques - Valeurs mesurées,Stazioni pluviometriche automatiche - Valori misurati,Automatic precipitation stations - Measurement values,MeteoSchweiz,01.08.1898,897,NA,2737314,1227576,47.184867,9.250447,Tal,Vallée,Valle,valley,https://www.meteoschweiz.admin.ch/service-und-publikationen/applikationen/messwerte-und-messnetze.html#param=messnetz-automatisch&station=STB,https://www.meteosuisse.admin.ch/services-et-publications/applications/valeurs-mesurees-et-reseaux-de-mesure.html#param=messnetz-automatisch&station=STB,https://www.meteosvizzera.admin.ch/servizi-e-pubblicazioni/applicazioni/valori-attuali-e-reti-di-misura.html#param=messnetz-automatisch&station=STB,https://www.meteoswiss.admin.ch/services-and-publications/applications/measurement-values-and-measuring-networks.html#param=messnetz-automatisch&station=STB,STB,30,129.2,4.31
STP,Stöckalp,OW,0-756-0-STP,Automatische Niederschlagsstationen - Messwerte,Stations pluviométriques automatiques - Valeurs mesurées,Stazioni pluviometriche automatiche - Valori misurati,Automatic precipitation stations - Measurement values,MeteoSchweiz,01.01.1969,1070,NA,2664321,1183550,46.8,8.281203,Nordosthang,Versant nord-est,Versante nord-orientale,north-eastern oriented slope,https://www.meteoschweiz.admin.ch/service-und-publikationen/applikationen/messwerte-und-messnetze.html#param=messnetz-automatisch&station=STP,https://www.meteosuisse.admin.ch/services-et-publications/applications/valeurs-mesurees-et-reseaux-de-mesure.html#param=messnetz-automatisch&station=STP,https://www.meteosvizzera.admin.ch/servizi-e-pubblicazioni/applicazioni/valori-attuali-e-reti-di-misura.html#param=messnetz-automatisch&station=STP,https://www.meteoswiss.admin.ch/services-and-publications/applications/measurement-values-and-measuring-networks.html#param=messnetz-automatisch&station=STP,STP,30,195,6.5
SUA,Schaan,FL,0-756-0-SUA,Automatische Niederschlagsstationen - Messwerte,Stations pluviométriques automatiques - Valeurs mesurées,Stazioni pluviometriche automatiche - Valori misurati,Automatic precipitation stations - Measurement values,MeteoSchweiz,01.01.1969,444,NA,2755511,1228260,47.186989,9.490686,Ebene,Plaine,Pianura,plain,https://www.meteoschweiz.admin.ch/service-und-publikationen/applikationen/messwerte-und-messnetze.html#param=messnetz-automatisch&station=SUA,https://www.meteosuisse.admin.ch/services-et-publications/applications/valeurs-mesurees-et-reseaux-de-mesure.html#param=messnetz-automatisch&station=SUA,https://www.meteosvizzera.admin.ch/servizi-e-pubblicazioni/applicazioni/valori-attuali-e-reti-di-misura.html#param=messnetz-automatisch&station=SUA,https://www.meteoswiss.admin.ch/services-and-publications/applications/measurement-values-and-measuring-networks.html#param=messnetz-automatisch&station=SUA,SUA,30,81.5,2.72
SUS,Susch,GR,0-756-0-SUS,Automatische Niederschlagsstationen - Messwerte,Stations pluviométriques automatiques - Valeurs mesurées,Stazioni pluviometriche automatiche - Valori misurati,Automatic precipitation stations - Measurement values,MeteoSchweiz,01.01.1901,1416,NA,2802003,1181593,46.754883,10.083011,Tal,Vallée,Valle,valley,https://www.meteoschweiz.admin.ch/service-und-publikationen/applikationen/messwerte-und-messnetze.html#param=messnetz-automatisch&station=SUS,https://www.meteosuisse.admin.ch/services-et-publications/applications/valeurs-mesurees-et-reseaux-de-mesure.html#param=messnetz-automatisch&station=SUS,https://www.meteosvizzera.admin.ch/servizi-e-pubblicazioni/applicazioni/valori-attuali-e-reti-di-misura.html#param=messnetz-automatisch&station=SUS,https://www.meteoswiss.admin.ch/services-and-publications/applications/measurement-values-and-measuring-networks.html#param=messnetz-automatisch&station=SUS,SUS,30,69.8,2.33
SVG,Savognin,GR,0-756-0-SVG,Automatische Niederschlagsstationen - Messwerte,Stations pluviométriques automatiques - Valeurs mesurées,Stazioni pluviometriche automatiche - Valori misurati,Automatic precipitation stations - Measurement values,MeteoSchweiz,01.02.1892,1172,NA,2765388,1162663,46.594753,9.597142,Tal,Vallée,Valle,valley,https://www.meteoschweiz.admin.ch/service-und-publikationen/applikationen/messwerte-und-messnetze.html#param=messnetz-automatisch&station=SVG,https://www.meteosuisse.admin.ch/services-et-publications/applications/valeurs-mesurees-et-reseaux-de-mesure.html#param=messnetz-automatisch&station=SVG,https://www.meteosvizzera.admin.ch/servizi-e-pubblicazioni/applicazioni/valori-attuali-e-reti-di-misura.html#param=messnetz-automatisch&station=SVG,https://www.meteoswiss.admin.ch/services-and-publications/applications/measurement-values-and-measuring-networks.html#param=messnetz-automatisch&station=SVG,SVG,30,122.1,4.07
THS,Thusis,GR,0-756-0-THS,Automatische Niederschlagsstationen - Messwerte,Stations pluviométriques automatiques - Valeurs mesurées,Stazioni pluviometriche automatiche - Valori misurati,Automatic precipitation stations - Measurement values,MeteoSchweiz,01.01.1892,672,NA,2753156,1175089,46.709411,9.441711,Ebene,Plaine,Pianura,plain,https://www.meteoschweiz.admin.ch/service-und-publikationen/applikationen/messwerte-und-messnetze.html#param=messnetz-automatisch&station=THS,https://www.meteosuisse.admin.ch/services-et-publications/applications/valeurs-mesurees-et-reseaux-de-mesure.html#param=messnetz-automatisch&station=THS,https://www.meteosvizzera.admin.ch/servizi-e-pubblicazioni/applicazioni/valori-attuali-e-reti-di-misura.html#param=messnetz-automatisch&station=THS,https://www.meteoswiss.admin.ch/services-and-publications/applications/measurement-values-and-measuring-networks.html#param=messnetz-automatisch&station=THS,THS,30,127.1,4.24
TRU,Trun,GR,0-756-0-TRU,Automatische Niederschlagsstationen - Messwerte,Stations pluviométriques automatiques - Valeurs mesurées,Stazioni pluviometriche automatiche - Valori misurati,Automatic precipitation stations - Measurement values,MeteoSchweiz,01.01.1961,834,NA,2719986,1178224,46.744397,9.008842,Tal,Vallée,Valle,valley,https://www.meteoschweiz.admin.ch/service-und-publikationen/applikationen/messwerte-und-messnetze.html#param=messnetz-automatisch&station=TRU,https://www.meteosuisse.admin.ch/services-et-publications/applications/valeurs-mesurees-et-reseaux-de-mesure.html#param=messnetz-automatisch&station=TRU,https://www.meteosvizzera.admin.ch/servizi-e-pubblicazioni/applicazioni/valori-attuali-e-reti-di-misura.html#param=messnetz-automatisch&station=TRU,https://www.meteoswiss.admin.ch/services-and-publications/applications/measurement-values-and-measuring-networks.html#param=messnetz-automatisch&station=TRU,TRU,30,143.6,4.79
TST,Tschiertschen,GR,0-756-0-TST,Automatische Niederschlagsstationen - Messwerte,Stations pluviométriques automatiques - Valeurs mesurées,Stazioni pluviometriche automatiche - Valori misurati,Automatic precipitation stations - Measurement values,MeteoSchweiz,01.05.1897,1273,NA,2765539,1187679,46.819664,9.608142,Nordhang,Versant nord,Versante settentrionale,northern oriented slope,https://www.meteoschweiz.admin.ch/service-und-publikationen/applikationen/messwerte-und-messnetze.html#param=messnetz-automatisch&station=TST,https://www.meteosuisse.admin.ch/services-et-publications/applications/valeurs-mesurees-et-reseaux-de-mesure.html#param=messnetz-automatisch&station=TST,https://www.meteosvizzera.admin.ch/servizi-e-pubblicazioni/applicazioni/valori-attuali-e-reti-di-misura.html#param=messnetz-automatisch&station=TST,https://www.meteoswiss.admin.ch/services-and-publications/applications/measurement-values-and-measuring-networks.html#param=messnetz-automatisch&station=TST,TST,30,106.3,3.54
UBB,Bözberg,AG,0-756-0-UBB,Automatische Niederschlagsstationen - Messwerte,Stations pluviométriques automatiques - Valeurs mesurées,Stazioni pluviometriche automatiche - Valori misurati,Automatic precipitation stations - Measurement values,MeteoSchweiz,01.01.1914,536,NA,2652250,1259223,47.481697,8.131847,Muldenlage,Dépression,Depressione,basin,https://www.meteoschweiz.admin.ch/service-und-publikationen/applikationen/messwerte-und-messnetze.html#param=messnetz-automatisch&station=UBB,https://www.meteosuisse.admin.ch/services-et-publications/applications/valeurs-mesurees-et-reseaux-de-mesure.html#param=messnetz-automatisch&station=UBB,https://www.meteosvizzera.admin.ch/servizi-e-pubblicazioni/applicazioni/valori-attuali-e-reti-di-misura.html#param=messnetz-automatisch&station=UBB,https://www.meteoswiss.admin.ch/services-and-publications/applications/measurement-values-and-measuring-networks.html#param=messnetz-automatisch&station=UBB,UBB,30,109.1,3.64
UNK,Unterkulm,AG,0-756-0-UNK,Automatische Niederschlagsstationen - Messwerte,Stations pluviométriques automatiques - Valeurs mesurées,Stazioni pluviometriche automatiche - Valori misurati,Automatic precipitation stations - Measurement values,MeteoSchweiz,01.01.1900,454,NA,2650839,1241212,47.319819,8.111081,Muldenlage,Dépression,Depressione,basin,https://www.meteoschweiz.admin.ch/service-und-publikationen/applikationen/messwerte-und-messnetze.html#param=messnetz-automatisch&station=UNK,https://www.meteosuisse.admin.ch/services-et-publications/applications/valeurs-mesurees-et-reseaux-de-mesure.html#param=messnetz-automatisch&station=UNK,https://www.meteosvizzera.admin.ch/servizi-e-pubblicazioni/applicazioni/valori-attuali-e-reti-di-misura.html#param=messnetz-automatisch&station=UNK,https://www.meteoswiss.admin.ch/services-and-publications/applications/measurement-values-and-measuring-networks.html#param=messnetz-automatisch&station=UNK,UNK,30,114.6,3.82
URN,Urnäsch,AR,0-756-0-URN,Automatische Niederschlagsstationen - Messwerte,Stations pluviométriques automatiques - Valeurs mesurées,Stazioni pluviometriche automatiche - Valori misurati,Automatic precipitation stations - Measurement values,MeteoSchweiz,01.01.1901,825,NA,2739206,1241761,47.312028,9.279797,Ebene,Plaine,Pianura,plain,https://www.meteoschweiz.admin.ch/service-und-publikationen/applikationen/messwerte-und-messnetze.html#param=messnetz-automatisch&station=URN,https://www.meteosuisse.admin.ch/services-et-publications/applications/valeurs-mesurees-et-reseaux-de-mesure.html#param=messnetz-automatisch&station=URN,https://www.meteosvizzera.admin.ch/servizi-e-pubblicazioni/applicazioni/valori-attuali-e-reti-di-misura.html#param=messnetz-automatisch&station=URN,https://www.meteoswiss.admin.ch/services-and-publications/applications/measurement-values-and-measuring-networks.html#param=messnetz-automatisch&station=URN,URN,30,159.4,5.31
UST,Uster,ZH,0-756-0-UST,Automatische Niederschlagsstationen - Messwerte,Stations pluviométriques automatiques - Valeurs mesurées,Stazioni pluviometriche automatiche - Valori misurati,Automatic precipitation stations - Measurement values,MeteoSchweiz,01.01.1901,438,NA,2694767,1245189,47.350736,8.692883,Ebene,Plaine,Pianura,plain,https://www.meteoschweiz.admin.ch/service-und-publikationen/applikationen/messwerte-und-messnetze.html#param=messnetz-automatisch&station=UST,https://www.meteosuisse.admin.ch/services-et-publications/applications/valeurs-mesurees-et-reseaux-de-mesure.html#param=messnetz-automatisch&station=UST,https://www.meteosvizzera.admin.ch/servizi-e-pubblicazioni/applicazioni/valori-attuali-e-reti-di-misura.html#param=messnetz-automatisch&station=UST,https://www.meteoswiss.admin.ch/services-and-publications/applications/measurement-values-and-measuring-networks.html#param=messnetz-automatisch&station=UST,UST,30,177.3,5.91
VAE,Vättis,SG,0-756-0-VAE,Automatische Niederschlagsstationen - Messwerte,Stations pluviométriques automatiques - Valeurs mesurées,Stazioni pluviometriche automatiche - Valori misurati,Automatic precipitation stations - Measurement values,MeteoSchweiz,01.01.1901,939,NA,2752733,1197282,46.909078,9.4436,Tal,Vallée,Valle,valley,https://www.meteoschweiz.admin.ch/service-und-publikationen/applikationen/messwerte-und-messnetze.html#param=messnetz-automatisch&station=VAE,https://www.meteosuisse.admin.ch/services-et-publications/applications/valeurs-mesurees-et-reseaux-de-mesure.html#param=messnetz-automatisch&station=VAE,https://www.meteosvizzera.admin.ch/servizi-e-pubblicazioni/applicazioni/valori-attuali-e-reti-di-misura.html#param=messnetz-automatisch&station=VAE,https://www.meteoswiss.admin.ch/services-and-publications/applications/measurement-values-and-measuring-networks.html#param=messnetz-automatisch&station=VAE,VAE,30,108.2,3.61
VRI,Vrin,GR,0-756-0-VRI,Automatische Niederschlagsstationen - Messwerte,Stations pluviométriques automatiques - Valeurs mesurées,Stazioni pluviometriche automatiche - Valori misurati,Automatic precipitation stations - Measurement values,MeteoSchweiz,01.01.1901,1384,NA,2727425,1168525,46.655797,9.103472,Osthang,Versant est,Versante orientale,eastern oriented slope,https://www.meteoschweiz.admin.ch/service-und-publikationen/applikationen/messwerte-und-messnetze.html#param=messnetz-automatisch&station=VRI,https://www.meteosuisse.admin.ch/services-et-publications/applications/valeurs-mesurees-et-reseaux-de-mesure.html#param=messnetz-automatisch&station=VRI,https://www.meteosvizzera.admin.ch/servizi-e-pubblicazioni/applicazioni/valori-attuali-e-reti-di-misura.html#param=messnetz-automatisch&station=VRI,https://www.meteoswiss.admin.ch/services-and-publications/applications/measurement-values-and-measuring-networks.html#param=messnetz-automatisch&station=VRI,VRI,30,155,5.17
VSANZ,Anzère,VS,0-756-0-VSANZ,Automatische Niederschlagsstationen - Messwerte,Stations pluviométriques automatiques - Valeurs mesurées,Stazioni pluviometriche automatiche - Valori misurati,Automatic precipitation stations - Measurement values,MeteoSchweiz,04.10.2010,1614,NA,2597607,1128205,46.305244,7.407569,NA,NA,NA,NA,https://www.meteoschweiz.admin.ch/service-und-publikationen/applikationen/messwerte-und-messnetze.html#param=messnetz-automatisch&station=VSANZ,https://www.meteosuisse.admin.ch/services-et-publications/applications/valeurs-mesurees-et-reseaux-de-mesure.html#param=messnetz-automatisch&station=VSANZ,https://www.meteosvizzera.admin.ch/servizi-e-pubblicazioni/applicazioni/valori-attuali-e-reti-di-misura.html#param=messnetz-automatisch&station=VSANZ,https://www.meteoswiss.admin.ch/services-and-publications/applications/measurement-values-and-measuring-networks.html#param=messnetz-automatisch&station=VSANZ,VSANZ,30,78.3,2.61
VSARO,Arolla,VS,0-756-0-VSARO,Automatische Niederschlagsstationen - Messwerte,Stations pluviométriques automatiques - Valeurs mesurées,Stazioni pluviometriche automatiche - Valori misurati,Automatic precipitation stations - Measurement values,MeteoSchweiz,05.10.2011,2005,NA,2603507,1095832,46.014028,7.483919,NA,NA,NA,NA,https://www.meteoschweiz.admin.ch/service-und-publikationen/applikationen/messwerte-und-messnetze.html#param=messnetz-automatisch&station=VSARO,https://www.meteosuisse.admin.ch/services-et-publications/applications/valeurs-mesurees-et-reseaux-de-mesure.html#param=messnetz-automatisch&station=VSARO,https://www.meteosvizzera.admin.ch/servizi-e-pubblicazioni/applicazioni/valori-attuali-e-reti-di-misura.html#param=messnetz-automatisch&station=VSARO,https://www.meteoswiss.admin.ch/services-and-publications/applications/measurement-values-and-measuring-networks.html#param=messnetz-automatisch&station=VSARO,VSARO,30,89.3,2.98
VSBAS,Baltschiedertal,VS,0-756-0-VSBAS,Automatische Niederschlagsstationen - Messwerte,Stations pluviométriques automatiques - Valeurs mesurées,Stazioni pluviometriche automatiche - Valori misurati,Automatic precipitation stations - Measurement values,MeteoSchweiz,06.10.2010,1318,NA,2633928,1132421,46.342317,7.879325,NA,NA,NA,NA,https://www.meteoschweiz.admin.ch/service-und-publikationen/applikationen/messwerte-und-messnetze.html#param=messnetz-automatisch&station=VSBAS,https://www.meteosuisse.admin.ch/services-et-publications/applications/valeurs-mesurees-et-reseaux-de-mesure.html#param=messnetz-automatisch&station=VSBAS,https://www.meteosvizzera.admin.ch/servizi-e-pubblicazioni/applicazioni/valori-attuali-e-reti-di-misura.html#param=messnetz-automatisch&station=VSBAS,https://www.meteoswiss.admin.ch/services-and-publications/applications/measurement-values-and-measuring-networks.html#param=messnetz-automatisch&station=VSBAS,VSBAS,30,63.1,2.1
VSBRI,Bricola,VS,0-756-0-VSBRI,Automatische Niederschlagsstationen - Messwerte,Stations pluviométriques automatiques - Valeurs mesurées,Stazioni pluviometriche automatiche - Valori misurati,Automatic precipitation stations - Measurement values,MeteoSchweiz,05.10.2011,2431,NA,2609886,1099430,46.046328,7.566356,NA,NA,NA,NA,https://www.meteoschweiz.admin.ch/service-und-publikationen/applikationen/messwerte-und-messnetze.html#param=messnetz-automatisch&station=VSBRI,https://www.meteosuisse.admin.ch/services-et-publications/applications/valeurs-mesurees-et-reseaux-de-mesure.html#param=messnetz-automatisch&station=VSBRI,https://www.meteosvizzera.admin.ch/servizi-e-pubblicazioni/applicazioni/valori-attuali-e-reti-di-misura.html#param=messnetz-automatisch&station=VSBRI,https://www.meteoswiss.admin.ch/services-and-publications/applications/measurement-values-and-measuring-networks.html#param=messnetz-automatisch&station=VSBRI,VSBRI,30,84.5,2.82
VSBRU,Bruchji,VS,0-756-0-VSBRU,Automatische Niederschlagsstationen - Messwerte,Stations pluviométriques automatiques - Valeurs mesurées,Stazioni pluviometriche automatiche - Valori misurati,Automatic precipitation stations - Measurement values,MeteoSchweiz,28.09.2012,2300,NA,2640999,1136585,46.379378,7.971533,NA,NA,NA,NA,https://www.meteoschweiz.admin.ch/service-und-publikationen/applikationen/messwerte-und-messnetze.html#param=messnetz-automatisch&station=VSBRU,https://www.meteosuisse.admin.ch/services-et-publications/applications/valeurs-mesurees-et-reseaux-de-mesure.html#param=messnetz-automatisch&station=VSBRU,https://www.meteosvizzera.admin.ch/servizi-e-pubblicazioni/applicazioni/valori-attuali-e-reti-di-misura.html#param=messnetz-automatisch&station=VSBRU,https://www.meteoswiss.admin.ch/services-and-publications/applications/measurement-values-and-measuring-networks.html#param=messnetz-automatisch&station=VSBRU,VSBRU,30,93.8,3.13
VSBSP,Bourg-St-Pierre,VS,0-756-0-VSBSP,Automatische Niederschlagsstationen - Messwerte,Stations pluviométriques automatiques - Valeurs mesurées,Stazioni pluviometriche automatiche - Valori misurati,Automatic precipitation stations - Measurement values,MeteoSchweiz,14.11.2013,1822,NA,2581349,1086251,45.927597,7.198214,NA,NA,NA,NA,https://www.meteoschweiz.admin.ch/service-und-publikationen/applikationen/messwerte-und-messnetze.html#param=messnetz-automatisch&station=VSBSP,https://www.meteosuisse.admin.ch/services-et-publications/applications/valeurs-mesurees-et-reseaux-de-mesure.html#param=messnetz-automatisch&station=VSBSP,https://www.meteosvizzera.admin.ch/servizi-e-pubblicazioni/applicazioni/valori-attuali-e-reti-di-misura.html#param=messnetz-automatisch&station=VSBSP,https://www.meteoswiss.admin.ch/services-and-publications/applications/measurement-values-and-measuring-networks.html#param=messnetz-automatisch&station=VSBSP,VSBSP,30,84.2,2.81
VSCHA,Chanrion,VS,0-756-0-VSCHA,Automatische Niederschlagsstationen - Messwerte,Stations pluviométriques automatiques - Valeurs mesurées,Stazioni pluviometriche automatiche - Valori misurati,Automatic precipitation stations - Measurement values,MeteoSchweiz,23.08.2012,2473,NA,2595498,1087533,45.939369,7.380592,NA,NA,NA,NA,https://www.meteoschweiz.admin.ch/service-und-publikationen/applikationen/messwerte-und-messnetze.html#param=messnetz-automatisch&station=VSCHA,https://www.meteosuisse.admin.ch/services-et-publications/applications/valeurs-mesurees-et-reseaux-de-mesure.html#param=messnetz-automatisch&station=VSCHA,https://www.meteosvizzera.admin.ch/servizi-e-pubblicazioni/applicazioni/valori-attuali-e-reti-di-misura.html#param=messnetz-automatisch&station=VSCHA,https://www.meteoswiss.admin.ch/services-and-publications/applications/measurement-values-and-measuring-networks.html#param=messnetz-automatisch&station=VSCHA,VSCHA,30,74.8,2.49
VSCHO,Choëx,VS,0-756-0-VSCHO,Automatische Niederschlagsstationen - Messwerte,Stations pluviométriques automatiques - Valeurs mesurées,Stazioni pluviometriche automatiche - Valori misurati,Automatic precipitation stations - Measurement values,MeteoSchweiz,14.11.2013,891,NA,2563180,1120189,46.232136,6.961356,NA,NA,NA,NA,https://www.meteoschweiz.admin.ch/service-und-publikationen/applikationen/messwerte-und-messnetze.html#param=messnetz-automatisch&station=VSCHO,https://www.meteosuisse.admin.ch/services-et-publications/applications/valeurs-mesurees-et-reseaux-de-mesure.html#param=messnetz-automatisch&station=VSCHO,https://www.meteosvizzera.admin.ch/servizi-e-pubblicazioni/applicazioni/valori-attuali-e-reti-di-misura.html#param=messnetz-automatisch&station=VSCHO,https://www.meteoswiss.admin.ch/services-and-publications/applications/measurement-values-and-measuring-networks.html#param=messnetz-automatisch&station=VSCHO,VSCHO,30,186.2,6.21
VSCHY,Champéry,VS,0-756-0-VSCHY,Automatische Niederschlagsstationen - Messwerte,Stations pluviométriques automatiques - Valeurs mesurées,Stazioni pluviometriche automatiche - Valori misurati,Automatic precipitation stations - Measurement values,MeteoSchweiz,27.10.2010,1055,NA,2555392,1112526,46.162733,6.861122,Tal,Vallée,Valle,valley,https://www.meteoschweiz.admin.ch/service-und-publikationen/applikationen/messwerte-und-messnetze.html#param=messnetz-automatisch&station=VSCHY,https://www.meteosuisse.admin.ch/services-et-publications/applications/valeurs-mesurees-et-reseaux-de-mesure.html#param=messnetz-automatisch&station=VSCHY,https://www.meteosvizzera.admin.ch/servizi-e-pubblicazioni/applicazioni/valori-attuali-e-reti-di-misura.html#param=messnetz-automatisch&station=VSCHY,https://www.meteoswiss.admin.ch/services-and-publications/applications/measurement-values-and-measuring-networks.html#param=messnetz-automatisch&station=VSCHY,VSCHY,30,177.7,5.92
VSCLU,Clusanfe,VS,0-756-0-VSCLU,Automatische Niederschlagsstationen - Messwerte,Stations pluviométriques automatiques - Valeurs mesurées,Stazioni pluviometriche automatiche - Valori misurati,Automatic precipitation stations - Measurement values,MeteoSchweiz,16.11.2011,1926,NA,2557236,1109533,46.135931,6.885281,NA,NA,NA,NA,https://www.meteoschweiz.admin.ch/service-und-publikationen/applikationen/messwerte-und-messnetze.html#param=messnetz-automatisch&station=VSCLU,https://www.meteosuisse.admin.ch/services-et-publications/applications/valeurs-mesurees-et-reseaux-de-mesure.html#param=messnetz-automatisch&station=VSCLU,https://www.meteosvizzera.admin.ch/servizi-e-pubblicazioni/applicazioni/valori-attuali-e-reti-di-misura.html#param=messnetz-automatisch&station=VSCLU,https://www.meteoswiss.admin.ch/services-and-publications/applications/measurement-values-and-measuring-networks.html#param=messnetz-automatisch&station=VSCLU,VSCLU,30,239.2,7.97
VSCOL,Les Collons,VS,0-756-0-VSCOL,Automatische Niederschlagsstationen - Messwerte,Stations pluviométriques automatiques - Valeurs mesurées,Stazioni pluviometriche automatiche - Valori misurati,Automatic precipitation stations - Measurement values,MeteoSchweiz,12.11.2013,1770,NA,2596040,1114169,46.178975,7.387361,NA,NA,NA,NA,https://www.meteoschweiz.admin.ch/service-und-publikationen/applikationen/messwerte-und-messnetze.html#param=messnetz-automatisch&station=VSCOL,https://www.meteosuisse.admin.ch/services-et-publications/applications/valeurs-mesurees-et-reseaux-de-mesure.html#param=messnetz-automatisch&station=VSCOL,https://www.meteosvizzera.admin.ch/servizi-e-pubblicazioni/applicazioni/valori-attuali-e-reti-di-misura.html#param=messnetz-automatisch&station=VSCOL,https://www.meteoswiss.admin.ch/services-and-publications/applications/measurement-values-and-measuring-networks.html#param=messnetz-automatisch&station=VSCOL,VSCOL,30,84.8,2.83
VSDER,Derborence,VS,0-756-0-VSDER,Automatische Niederschlagsstationen - Messwerte,Stations pluviométriques automatiques - Valeurs mesurées,Stazioni pluviometriche automatiche - Valori misurati,Automatic precipitation stations - Measurement values,MeteoSchweiz,11.10.2012,1366,NA,2584114,1126364,46.288503,7.232506,NA,NA,NA,NA,https://www.meteoschweiz.admin.ch/service-und-publikationen/applikationen/messwerte-und-messnetze.html#param=messnetz-automatisch&station=VSDER,https://www.meteosuisse.admin.ch/services-et-publications/applications/valeurs-mesurees-et-reseaux-de-mesure.html#param=messnetz-automatisch&station=VSDER,https://www.meteosvizzera.admin.ch/servizi-e-pubblicazioni/applicazioni/valori-attuali-e-reti-di-misura.html#param=messnetz-automatisch&station=VSDER,https://www.meteoswiss.admin.ch/services-and-publications/applications/measurement-values-and-measuring-networks.html#param=messnetz-automatisch&station=VSDER,VSDER,16,39.6,2.48
VSDUR,Durnand,VS,0-756-0-VSDUR,Automatische Niederschlagsstationen - Messwerte,Stations pluviométriques automatiques - Valeurs mesurées,Stazioni pluviometriche automatiche - Valori misurati,Automatic precipitation stations - Measurement values,MeteoSchweiz,30.10.2012,1214,NA,2572571,1100083,46.051722,7.084258,NA,NA,NA,NA,https://www.meteoschweiz.admin.ch/service-und-publikationen/applikationen/messwerte-und-messnetze.html#param=messnetz-automatisch&station=VSDUR,https://www.meteosuisse.admin.ch/services-et-publications/applications/valeurs-mesurees-et-reseaux-de-mesure.html#param=messnetz-automatisch&station=VSDUR,https://www.meteosvizzera.admin.ch/servizi-e-pubblicazioni/applicazioni/valori-attuali-e-reti-di-misura.html#param=messnetz-automatisch&station=VSDUR,https://www.meteoswiss.admin.ch/services-and-publications/applications/measurement-values-and-measuring-networks.html#param=messnetz-automatisch&station=VSDUR,VSDUR,30,110.8,3.69
VSEMO,Emosson,VS,0-756-0-VSEMO,Automatische Niederschlagsstationen - Messwerte,Stations pluviométriques automatiques - Valeurs mesurées,Stazioni pluviometriche automatiche - Valori misurati,Automatic precipitation stations - Measurement values,MeteoSchweiz,17.11.2011,1923,NA,2560663,1101691,46.0656,6.930278,NA,NA,NA,NA,https://www.meteoschweiz.admin.ch/service-und-publikationen/applikationen/messwerte-und-messnetze.html#param=messnetz-automatisch&station=VSEMO,https://www.meteosuisse.admin.ch/services-et-publications/applications/valeurs-mesurees-et-reseaux-de-mesure.html#param=messnetz-automatisch&station=VSEMO,https://www.meteosvizzera.admin.ch/servizi-e-pubblicazioni/applicazioni/valori-attuali-e-reti-di-misura.html#param=messnetz-automatisch&station=VSEMO,https://www.meteoswiss.admin.ch/services-and-publications/applications/measurement-values-and-measuring-networks.html#param=messnetz-automatisch&station=VSEMO,VSEMO,30,166.1,5.54
VSERG,Ergisch,VS,0-756-0-VSERG,Automatische Niederschlagsstationen - Messwerte,Stations pluviométriques automatiques - Valeurs mesurées,Stazioni pluviometriche automatiche - Valori misurati,Automatic precipitation stations - Measurement values,MeteoSchweiz,16.10.2013,1133,NA,2621396,1126882,46.293008,7.716292,NA,NA,NA,NA,https://www.meteoschweiz.admin.ch/service-und-publikationen/applikationen/messwerte-und-messnetze.html#param=messnetz-automatisch&station=VSERG,https://www.meteosuisse.admin.ch/services-et-publications/applications/valeurs-mesurees-et-reseaux-de-mesure.html#param=messnetz-automatisch&station=VSERG,https://www.meteosvizzera.admin.ch/servizi-e-pubblicazioni/applicazioni/valori-attuali-e-reti-di-misura.html#param=messnetz-automatisch&station=VSERG,https://www.meteoswiss.admin.ch/services-and-publications/applications/measurement-values-and-measuring-networks.html#param=messnetz-automatisch&station=VSERG,VSERG,30,65.3,2.18
VSFIN,Findelen,VS,0-756-0-VSFIN,Automatische Niederschlagsstationen - Messwerte,Stations pluviométriques automatiques - Valeurs mesurées,Stazioni pluviometriche automatiche - Valori misurati,Automatic precipitation stations - Measurement values,MeteoSchweiz,12.10.2011,2170,NA,2626316,1095547,46.010958,7.778389,NA,NA,NA,NA,https://www.meteoschweiz.admin.ch/service-und-publikationen/applikationen/messwerte-und-messnetze.html#param=messnetz-automatisch&station=VSFIN,https://www.meteosuisse.admin.ch/services-et-publications/applications/valeurs-mesurees-et-reseaux-de-mesure.html#param=messnetz-automatisch&station=VSFIN,https://www.meteosvizzera.admin.ch/servizi-e-pubblicazioni/applicazioni/valori-attuali-e-reti-di-misura.html#param=messnetz-automatisch&station=VSFIN,https://www.meteoswiss.admin.ch/services-and-publications/applications/measurement-values-and-measuring-networks.html#param=messnetz-automatisch&station=VSFIN,VSFIN,30,69.7,2.32
VSFLY,La Fouly,VS,0-756-0-VSFLY,Automatische Niederschlagsstationen - Messwerte,Stations pluviométriques automatiques - Valeurs mesurées,Stazioni pluviometriche automatiche - Valori misurati,Automatic precipitation stations - Measurement values,MeteoSchweiz,17.11.2011,1564,NA,2573452,1087284,45.936628,7.096361,NA,NA,NA,NA,https://www.meteoschweiz.admin.ch/service-und-publikationen/applikationen/messwerte-und-messnetze.html#param=messnetz-automatisch&station=VSFLY,https://www.meteosuisse.admin.ch/services-et-publications/applications/valeurs-mesurees-et-reseaux-de-mesure.html#param=messnetz-automatisch&station=VSFLY,https://www.meteosvizzera.admin.ch/servizi-e-pubblicazioni/applicazioni/valori-attuali-e-reti-di-misura.html#param=messnetz-automatisch&station=VSFLY,https://www.meteoswiss.admin.ch/services-and-publications/applications/measurement-values-and-measuring-networks.html#param=messnetz-automatisch&station=VSFLY,VSFLY,30,113.5,3.78
VSGDX,Barrage Grande Dixence,VS,0-756-0-VSGDX,Automatische Niederschlagsstationen - Messwerte,Stations pluviométriques automatiques - Valeurs mesurées,Stazioni pluviometriche automatiche - Valori misurati,Automatic precipitation stations - Measurement values,MeteoSchweiz,30.09.2011,2162,NA,2597254,1103580,46.083728,7.403142,NA,NA,NA,NA,https://www.meteoschweiz.admin.ch/service-und-publikationen/applikationen/messwerte-und-messnetze.html#param=messnetz-automatisch&station=VSGDX,https://www.meteosuisse.admin.ch/services-et-publications/applications/valeurs-mesurees-et-reseaux-de-mesure.html#param=messnetz-automatisch&station=VSGDX,https://www.meteosvizzera.admin.ch/servizi-e-pubblicazioni/applicazioni/valori-attuali-e-reti-di-misura.html#param=messnetz-automatisch&station=VSGDX,https://www.meteoswiss.admin.ch/services-and-publications/applications/measurement-values-and-measuring-networks.html#param=messnetz-automatisch&station=VSGDX,VSGDX,30,84.7,2.82
VSISE,Isérables,VS,0-756-0-VSISE,Automatische Niederschlagsstationen - Messwerte,Stations pluviométriques automatiques - Valeurs mesurées,Stazioni pluviometriche automatiche - Valori misurati,Automatic precipitation stations - Measurement values,MeteoSchweiz,11.10.2012,1237,NA,2585331,1112179,46.160928,7.248742,NA,NA,NA,NA,https://www.meteoschweiz.admin.ch/service-und-publikationen/applikationen/messwerte-und-messnetze.html#param=messnetz-automatisch&station=VSISE,https://www.meteosuisse.admin.ch/services-et-publications/applications/valeurs-mesurees-et-reseaux-de-mesure.html#param=messnetz-automatisch&station=VSISE,https://www.meteosvizzera.admin.ch/servizi-e-pubblicazioni/applicazioni/valori-attuali-e-reti-di-misura.html#param=messnetz-automatisch&station=VSISE,https://www.meteoswiss.admin.ch/services-and-publications/applications/measurement-values-and-measuring-networks.html#param=messnetz-automatisch&station=VSISE,VSISE,30,65.2,2.17
VSJEI,Jeizinen,VS,0-756-0-VSJEI,Automatische Niederschlagsstationen - Messwerte,Stations pluviométriques automatiques - Valeurs mesurées,Stazioni pluviometriche automatiche - Valori misurati,Automatic precipitation stations - Measurement values,MeteoSchweiz,06.10.2010,1556,NA,2621858,1130817,46.328389,7.722472,NA,NA,NA,NA,https://www.meteoschweiz.admin.ch/service-und-publikationen/applikationen/messwerte-und-messnetze.html#param=messnetz-automatisch&station=VSJEI,https://www.meteosuisse.admin.ch/services-et-publications/applications/valeurs-mesurees-et-reseaux-de-mesure.html#param=messnetz-automatisch&station=VSJEI,https://www.meteosvizzera.admin.ch/servizi-e-pubblicazioni/applicazioni/valori-attuali-e-reti-di-misura.html#param=messnetz-automatisch&station=VSJEI,https://www.meteoswiss.admin.ch/services-and-publications/applications/measurement-values-and-measuring-networks.html#param=messnetz-automatisch&station=VSJEI,VSJEI,30,55.7,1.86
VSMAT,Mattsand,VS,0-756-0-VSMAT,Automatische Niederschlagsstationen - Messwerte,Stations pluviométriques automatiques - Valeurs mesurées,Stazioni pluviometriche automatiche - Valori misurati,Automatic precipitation stations - Measurement values,MeteoSchweiz,06.10.2010,1230,NA,2627249,1110279,46.143439,7.791289,NA,NA,NA,NA,https://www.meteoschweiz.admin.ch/service-und-publikationen/applikationen/messwerte-und-messnetze.html#param=messnetz-automatisch&station=VSMAT,https://www.meteosuisse.admin.ch/services-et-publications/applications/valeurs-mesurees-et-reseaux-de-mesure.html#param=messnetz-automatisch&station=VSMAT,https://www.meteosvizzera.admin.ch/servizi-e-pubblicazioni/applicazioni/valori-attuali-e-reti-di-misura.html#param=messnetz-automatisch&station=VSMAT,https://www.meteoswiss.admin.ch/services-and-publications/applications/measurement-values-and-measuring-networks.html#param=messnetz-automatisch&station=VSMAT,VSMAT,30,55.2,1.84
VSMOI,Moiry,VS,0-756-0-VSMOI,Automatische Niederschlagsstationen - Messwerte,Stations pluviométriques automatiques - Valeurs mesurées,Stazioni pluviometriche automatiche - Valori misurati,Automatic precipitation stations - Measurement values,MeteoSchweiz,29.09.2011,2127,NA,2610168,1109590,46.137717,7.570217,NA,NA,NA,NA,https://www.meteoschweiz.admin.ch/service-und-publikationen/applikationen/messwerte-und-messnetze.html#param=messnetz-automatisch&station=VSMOI,https://www.meteosuisse.admin.ch/services-et-publications/applications/valeurs-mesurees-et-reseaux-de-mesure.html#param=messnetz-automatisch&station=VSMOI,https://www.meteosvizzera.admin.ch/servizi-e-pubblicazioni/applicazioni/valori-attuali-e-reti-di-misura.html#param=messnetz-automatisch&station=VSMOI,https://www.meteoswiss.admin.ch/services-and-publications/applications/measurement-values-and-measuring-networks.html#param=messnetz-automatisch&station=VSMOI,VSMOI,30,71.6,2.39
VSNEN,Nendaz,VS,0-756-0-VSNEN,Automatische Niederschlagsstationen - Messwerte,Stations pluviométriques automatiques - Valeurs mesurées,Stazioni pluviometriche automatiche - Valori misurati,Automatic precipitation stations - Measurement values,MeteoSchweiz,11.10.2012,1938,NA,2590165,1107852,46.122092,7.311411,NA,NA,NA,NA,https://www.meteoschweiz.admin.ch/service-und-publikationen/applikationen/messwerte-und-messnetze.html#param=messnetz-automatisch&station=VSNEN,https://www.meteosuisse.admin.ch/services-et-publications/applications/valeurs-mesurees-et-reseaux-de-mesure.html#param=messnetz-automatisch&station=VSNEN,https://www.meteosvizzera.admin.ch/servizi-e-pubblicazioni/applicazioni/valori-attuali-e-reti-di-misura.html#param=messnetz-automatisch&station=VSNEN,https://www.meteoswiss.admin.ch/services-and-publications/applications/measurement-values-and-measuring-networks.html#param=messnetz-automatisch&station=VSNEN,VSNEN,30,91.2,3.04
VSSAB,Saas Balen,VS,0-756-0-VSSAB,Automatische Niederschlagsstationen - Messwerte,Stations pluviométriques automatiques - Valeurs mesurées,Stazioni pluviometriche automatiche - Valori misurati,Automatic precipitation stations - Measurement values,MeteoSchweiz,06.10.2010,1535,NA,2637836,1110929,46.148778,7.928353,Tal,Vallée,Valle,valley,https://www.meteoschweiz.admin.ch/service-und-publikationen/applikationen/messwerte-und-messnetze.html#param=messnetz-automatisch&station=VSSAB,https://www.meteosuisse.admin.ch/services-et-publications/applications/valeurs-mesurees-et-reseaux-de-mesure.html#param=messnetz-automatisch&station=VSSAB,https://www.meteosvizzera.admin.ch/servizi-e-pubblicazioni/applicazioni/valori-attuali-e-reti-di-misura.html#param=messnetz-automatisch&station=VSSAB,https://www.meteoswiss.admin.ch/services-and-publications/applications/measurement-values-and-measuring-networks.html#param=messnetz-automatisch&station=VSSAB,VSSAB,30,69.2,2.31
VSSAL,Saleina,VS,0-756-0-VSSAL,Automatische Niederschlagsstationen - Messwerte,Stations pluviométriques automatiques - Valeurs mesurées,Stazioni pluviometriche automatiche - Valori misurati,Automatic precipitation stations - Measurement values,MeteoSchweiz,14.10.2010,1600,NA,2573290,1092777,45.986031,7.093961,NA,NA,NA,NA,https://www.meteoschweiz.admin.ch/service-und-publikationen/applikationen/messwerte-und-messnetze.html#param=messnetz-automatisch&station=VSSAL,https://www.meteosuisse.admin.ch/services-et-publications/applications/valeurs-mesurees-et-reseaux-de-mesure.html#param=messnetz-automatisch&station=VSSAL,https://www.meteosvizzera.admin.ch/servizi-e-pubblicazioni/applicazioni/valori-attuali-e-reti-di-misura.html#param=messnetz-automatisch&station=VSSAL,https://www.meteoswiss.admin.ch/services-and-publications/applications/measurement-values-and-measuring-networks.html#param=messnetz-automatisch&station=VSSAL,VSSAL,30,133.4,4.45
VSSFE,Salanfe,VS,0-756-0-VSSFE,Automatische Niederschlagsstationen - Messwerte,Stations pluviométriques automatiques - Valeurs mesurées,Stazioni pluviometriche automatiche - Valori misurati,Automatic precipitation stations - Measurement values,MeteoSchweiz,16.11.2011,1965,NA,2564019,1110569,46.145647,6.972969,NA,NA,NA,NA,https://www.meteoschweiz.admin.ch/service-und-publikationen/applikationen/messwerte-und-messnetze.html#param=messnetz-automatisch&station=VSSFE,https://www.meteosuisse.admin.ch/services-et-publications/applications/valeurs-mesurees-et-reseaux-de-mesure.html#param=messnetz-automatisch&station=VSSFE,https://www.meteosvizzera.admin.ch/servizi-e-pubblicazioni/applicazioni/valori-attuali-e-reti-di-misura.html#param=messnetz-automatisch&station=VSSFE,https://www.meteoswiss.admin.ch/services-and-publications/applications/measurement-values-and-measuring-networks.html#param=messnetz-automatisch&station=VSSFE,VSSFE,25,134.3,5.37
VSSIE,Sierre,VS,0-756-0-VSSIE,Automatische Niederschlagsstationen - Messwerte,Stations pluviométriques automatiques - Valeurs mesurées,Stazioni pluviometriche automatiche - Valori misurati,Automatic precipitation stations - Measurement values,MeteoSchweiz,12.11.2013,535,NA,2609073,1127492,46.298775,7.556386,NA,NA,NA,NA,https://www.meteoschweiz.admin.ch/service-und-publikationen/applikationen/messwerte-und-messnetze.html#param=messnetz-automatisch&station=VSSIE,https://www.meteosuisse.admin.ch/services-et-publications/applications/valeurs-mesurees-et-reseaux-de-mesure.html#param=messnetz-automatisch&station=VSSIE,https://www.meteosvizzera.admin.ch/servizi-e-pubblicazioni/applicazioni/valori-attuali-e-reti-di-misura.html#param=messnetz-automatisch&station=VSSIE,https://www.meteoswiss.admin.ch/services-and-publications/applications/measurement-values-and-measuring-networks.html#param=messnetz-automatisch&station=VSSIE,VSSIE,30,57.2,1.91
VSSOR,Sorniot / Lac Inférieur,VS,0-756-0-VSSOR,Automatische Niederschlagsstationen - Messwerte,Stations pluviométriques automatiques - Valeurs mesurées,Stazioni pluviometriche automatiche - Valori misurati,Automatic precipitation stations - Measurement values,MeteoSchweiz,30.10.2012,1990,NA,2573829,1112848,46.1666,7.099803,NA,NA,NA,NA,https://www.meteoschweiz.admin.ch/service-und-publikationen/applikationen/messwerte-und-messnetze.html#param=messnetz-automatisch&station=VSSOR,https://www.meteosuisse.admin.ch/services-et-publications/applications/valeurs-mesurees-et-reseaux-de-mesure.html#param=messnetz-automatisch&station=VSSOR,https://www.meteosvizzera.admin.ch/servizi-e-pubblicazioni/applicazioni/valori-attuali-e-reti-di-misura.html#param=messnetz-automatisch&station=VSSOR,https://www.meteoswiss.admin.ch/services-and-publications/applications/measurement-values-and-measuring-networks.html#param=messnetz-automatisch&station=VSSOR,VSSOR,30,85,2.83
VSSTA,Stafel,VS,0-756-0-VSSTA,Automatische Niederschlagsstationen - Messwerte,Stations pluviométriques automatiques - Valeurs mesurées,Stazioni pluviometriche automatiche - Valori misurati,Automatic precipitation stations - Measurement values,MeteoSchweiz,12.10.2011,2183,NA,2618600,1094808,46.004569,7.678739,NA,NA,NA,NA,https://www.meteoschweiz.admin.ch/service-und-publikationen/applikationen/messwerte-und-messnetze.html#param=messnetz-automatisch&station=VSSTA,https://www.meteosuisse.admin.ch/services-et-publications/applications/valeurs-mesurees-et-reseaux-de-mesure.html#param=messnetz-automatisch&station=VSSTA,https://www.meteosvizzera.admin.ch/servizi-e-pubblicazioni/applicazioni/valori-attuali-e-reti-di-misura.html#param=messnetz-automatisch&station=VSSTA,https://www.meteoswiss.admin.ch/services-and-publications/applications/measurement-values-and-measuring-networks.html#param=messnetz-automatisch&station=VSSTA,VSSTA,30,100.7,3.36
VST,La Valsainte,FR,0-756-0-VST,Automatische Niederschlagsstationen - Messwerte,Stations pluviométriques automatiques - Valeurs mesurées,Stazioni pluviometriche automatiche - Valori misurati,Automatic precipitation stations - Measurement values,MeteoSchweiz,01.09.1882,1044,NA,2580090,1166314,46.647767,7.178561,Südhang,Versant sud,Versante meridionale,southern oriented slope,https://www.meteoschweiz.admin.ch/service-und-publikationen/applikationen/messwerte-und-messnetze.html#param=messnetz-automatisch&station=VST,https://www.meteosuisse.admin.ch/services-et-publications/applications/valeurs-mesurees-et-reseaux-de-mesure.html#param=messnetz-automatisch&station=VST,https://www.meteosvizzera.admin.ch/servizi-e-pubblicazioni/applicazioni/valori-attuali-e-reti-di-misura.html#param=messnetz-automatisch&station=VST,https://www.meteoswiss.admin.ch/services-and-publications/applications/measurement-values-and-measuring-networks.html#param=messnetz-automatisch&station=VST,VST,30,165.7,5.52
VSTRI,Trient,VS,0-756-0-VSTRI,Automatische Niederschlagsstationen - Messwerte,Stations pluviométriques automatiques - Valeurs mesurées,Stazioni pluviometriche automatiche - Valori misurati,Automatic precipitation stations - Measurement values,MeteoSchweiz,05.03.2013,1329,NA,2565633,1099517,46.046314,6.994664,NA,NA,NA,NA,https://www.meteoschweiz.admin.ch/service-und-publikationen/applikationen/messwerte-und-messnetze.html#param=messnetz-automatisch&station=VSTRI,https://www.meteosuisse.admin.ch/services-et-publications/applications/valeurs-mesurees-et-reseaux-de-mesure.html#param=messnetz-automatisch&station=VSTRI,https://www.meteosvizzera.admin.ch/servizi-e-pubblicazioni/applicazioni/valori-attuali-e-reti-di-misura.html#param=messnetz-automatisch&station=VSTRI,https://www.meteoswiss.admin.ch/services-and-publications/applications/measurement-values-and-measuring-networks.html#param=messnetz-automatisch&station=VSTRI,VSTRI,30,155.6,5.19
VSTSN,Tsanfleuron,VS,0-756-0-VSTSN,Automatische Niederschlagsstationen - Messwerte,Stations pluviométriques automatiques - Valeurs mesurées,Stazioni pluviometriche automatiche - Valori misurati,Automatic precipitation stations - Measurement values,MeteoSchweiz,11.10.2012,2052,NA,2589460,1129932,46.320703,7.301794,NA,NA,NA,NA,https://www.meteoschweiz.admin.ch/service-und-publikationen/applikationen/messwerte-und-messnetze.html#param=messnetz-automatisch&station=VSTSN,https://www.meteosuisse.admin.ch/services-et-publications/applications/valeurs-mesurees-et-reseaux-de-mesure.html#param=messnetz-automatisch&station=VSTSN,https://www.meteosvizzera.admin.ch/servizi-e-pubblicazioni/applicazioni/valori-attuali-e-reti-di-misura.html#param=messnetz-automatisch&station=VSTSN,https://www.meteoswiss.admin.ch/services-and-publications/applications/measurement-values-and-measuring-networks.html#param=messnetz-automatisch&station=VSTSN,VSTSN,21,57.8,2.75
VSTUR,Turtmann,VS,0-756-0-VSTUR,Automatische Niederschlagsstationen - Messwerte,Stations pluviométriques automatiques - Valeurs mesurées,Stazioni pluviometriche automatiche - Valori misurati,Automatic precipitation stations - Measurement values,MeteoSchweiz,29.09.2011,2180,NA,2619599,1113183,46.169831,7.692408,NA,NA,NA,NA,https://www.meteoschweiz.admin.ch/service-und-publikationen/applikationen/messwerte-und-messnetze.html#param=messnetz-automatisch&station=VSTUR,https://www.meteosuisse.admin.ch/services-et-publications/applications/valeurs-mesurees-et-reseaux-de-mesure.html#param=messnetz-automatisch&station=VSTUR,https://www.meteosvizzera.admin.ch/servizi-e-pubblicazioni/applicazioni/valori-attuali-e-reti-di-misura.html#param=messnetz-automatisch&station=VSTUR,https://www.meteoswiss.admin.ch/services-and-publications/applications/measurement-values-and-measuring-networks.html#param=messnetz-automatisch&station=VSTUR,VSTUR,30,72.6,2.42
VSVER,Vercorin,VS,0-756-0-VSVER,Automatische Niederschlagsstationen - Messwerte,Stations pluviométriques automatiques - Valeurs mesurées,Stazioni pluviometriche automatiche - Valori misurati,Automatic precipitation stations - Measurement values,MeteoSchweiz,07.10.2010,1650,NA,2609075,1120732,46.237964,7.556281,NA,NA,NA,NA,https://www.meteoschweiz.admin.ch/service-und-publikationen/applikationen/messwerte-und-messnetze.html#param=messnetz-automatisch&station=VSVER,https://www.meteosuisse.admin.ch/services-et-publications/applications/valeurs-mesurees-et-reseaux-de-mesure.html#param=messnetz-automatisch&station=VSVER,https://www.meteosvizzera.admin.ch/servizi-e-pubblicazioni/applicazioni/valori-attuali-e-reti-di-misura.html#param=messnetz-automatisch&station=VSVER,https://www.meteoswiss.admin.ch/services-and-publications/applications/measurement-values-and-measuring-networks.html#param=messnetz-automatisch&station=VSVER,VSVER,30,77.3,2.58
VSVIS,Visperterminen,VS,0-756-0-VSVIS,Automatische Niederschlagsstationen - Messwerte,Stations pluviométriques automatiques - Valeurs mesurées,Stazioni pluviometriche automatiche - Valori misurati,Automatic precipitation stations - Measurement values,MeteoSchweiz,11.09.2013,1352,NA,2635896,1123602,46.262883,7.904203,NA,NA,NA,NA,https://www.meteoschweiz.admin.ch/service-und-publikationen/applikationen/messwerte-und-messnetze.html#param=messnetz-automatisch&station=VSVIS,https://www.meteosuisse.admin.ch/services-et-publications/applications/valeurs-mesurees-et-reseaux-de-mesure.html#param=messnetz-automatisch&station=VSVIS,https://www.meteosvizzera.admin.ch/servizi-e-pubblicazioni/applicazioni/valori-attuali-e-reti-di-misura.html#param=messnetz-automatisch&station=VSVIS,https://www.meteoswiss.admin.ch/services-and-publications/applications/measurement-values-and-measuring-networks.html#param=messnetz-automatisch&station=VSVIS,VSVIS,30,62,2.07
WAG,Waldegg,ZH,0-756-0-WAG,Automatische Niederschlagsstationen - Messwerte,Stations pluviométriques automatiques - Valeurs mesurées,Stazioni pluviometriche automatiche - Valori misurati,Automatic precipitation stations - Measurement values,MeteoSchweiz,01.01.1961,545,NA,2676762,1246211,47.362269,8.454789,Ebene,Plaine,Pianura,plain,https://www.meteoschweiz.admin.ch/service-und-publikationen/applikationen/messwerte-und-messnetze.html#param=messnetz-automatisch&station=WAG,https://www.meteosuisse.admin.ch/services-et-publications/applications/valeurs-mesurees-et-reseaux-de-mesure.html#param=messnetz-automatisch&station=WAG,https://www.meteosvizzera.admin.ch/servizi-e-pubblicazioni/applicazioni/valori-attuali-e-reti-di-misura.html#param=messnetz-automatisch&station=WAG,https://www.meteoswiss.admin.ch/services-and-publications/applications/measurement-values-and-measuring-networks.html#param=messnetz-automatisch&station=WAG,WAG,30,143.1,4.77
WAR,Wartau,SG,0-756-0-WAR,Automatische Niederschlagsstationen - Messwerte,Stations pluviométriques automatiques - Valeurs mesurées,Stazioni pluviometriche automatiche - Valori misurati,Automatic precipitation stations - Measurement values,MeteoSchweiz,03.11.2015,468,NA,2756873,1218250,47.096661,9.505172,Ebene,Plaine,Pianura,plain,https://www.meteoschweiz.admin.ch/service-und-publikationen/applikationen/messwerte-und-messnetze.html#param=messnetz-automatisch&station=WAR,https://www.meteosuisse.admin.ch/services-et-publications/applications/valeurs-mesurees-et-reseaux-de-mesure.html#param=messnetz-automatisch&station=WAR,https://www.meteosvizzera.admin.ch/servizi-e-pubblicazioni/applicazioni/valori-attuali-e-reti-di-misura.html#param=messnetz-automatisch&station=WAR,https://www.meteoswiss.admin.ch/services-and-publications/applications/measurement-values-and-measuring-networks.html#param=messnetz-automatisch&station=WAR,WAR,30,81,2.7
WEE,Weesen,SG,0-756-0-WEE,Automatische Niederschlagsstationen - Messwerte,Stations pluviométriques automatiques - Valeurs mesurées,Stazioni pluviometriche automatiche - Valori misurati,Automatic precipitation stations - Measurement values,MeteoSchweiz,01.01.1888,425,NA,2724984,1221383,47.131619,9.086092,Ebene,Plaine,Pianura,plain,https://www.meteoschweiz.admin.ch/service-und-publikationen/applikationen/messwerte-und-messnetze.html#param=messnetz-automatisch&station=WEE,https://www.meteosuisse.admin.ch/services-et-publications/applications/valeurs-mesurees-et-reseaux-de-mesure.html#param=messnetz-automatisch&station=WEE,https://www.meteosvizzera.admin.ch/servizi-e-pubblicazioni/applicazioni/valori-attuali-e-reti-di-misura.html#param=messnetz-automatisch&station=WEE,https://www.meteoswiss.admin.ch/services-and-publications/applications/measurement-values-and-measuring-networks.html#param=messnetz-automatisch&station=WEE,WEE,30,122.7,4.09
WHF,Riedholz / Wallierhof,SO,0-756-0-WHF,Automatische Niederschlagsstationen - Messwerte,Stations pluviométriques automatiques - Valeurs mesurées,Stazioni pluviometriche automatiche - Valori misurati,Automatic precipitation stations - Measurement values,MeteoSchweiz,01.01.1969,518,NA,2609394,1231491,47.234278,7.562697,Südhang,Versant sud,Versante meridionale,southern oriented slope,https://www.meteoschweiz.admin.ch/service-und-publikationen/applikationen/messwerte-und-messnetze.html#param=messnetz-automatisch&station=WHF,https://www.meteosuisse.admin.ch/services-et-publications/applications/valeurs-mesurees-et-reseaux-de-mesure.html#param=messnetz-automatisch&station=WHF,https://www.meteosvizzera.admin.ch/servizi-e-pubblicazioni/applicazioni/valori-attuali-e-reti-di-misura.html#param=messnetz-automatisch&station=WHF,https://www.meteoswiss.admin.ch/services-and-publications/applications/measurement-values-and-measuring-networks.html#param=messnetz-automatisch&station=WHF,WHF,30,131,4.37
WIN,Winterthur / Seen,ZH,0-756-0-WIN,Automatische Niederschlagsstationen - Messwerte,Stations pluviométriques automatiques - Valeurs mesurées,Stazioni pluviometriche automatiche - Valori misurati,Automatic precipitation stations - Measurement values,MeteoSchweiz,01.01.1864,506,NA,2699846,1259054,47.474672,8.763189,Nordhang,Versant nord,Versante settentrionale,northern oriented slope,https://www.meteoschweiz.admin.ch/service-und-publikationen/applikationen/messwerte-und-messnetze.html#param=messnetz-automatisch&station=WIN,https://www.meteosuisse.admin.ch/services-et-publications/applications/valeurs-mesurees-et-reseaux-de-mesure.html#param=messnetz-automatisch&station=WIN,https://www.meteosvizzera.admin.ch/servizi-e-pubblicazioni/applicazioni/valori-attuali-e-reti-di-misura.html#param=messnetz-automatisch&station=WIN,https://www.meteoswiss.admin.ch/services-and-publications/applications/measurement-values-and-measuring-networks.html#param=messnetz-automatisch&station=WIN,WIN,30,154.6,5.15
WIT,Wittnau,AG,0-756-0-WIT,Automatische Niederschlagsstationen - Messwerte,Stations pluviométriques automatiques - Valeurs mesurées,Stazioni pluviometriche automatiche - Valori misurati,Automatic precipitation stations - Measurement values,MeteoSchweiz,01.01.1883,462,NA,2639947,1258973,47.480311,7.968606,Südosthang,Versant sud-est,Versante sud-orientale,south-eastern oriented slope,https://www.meteoschweiz.admin.ch/service-und-publikationen/applikationen/messwerte-und-messnetze.html#param=messnetz-automatisch&station=WIT,https://www.meteosuisse.admin.ch/services-et-publications/applications/valeurs-mesurees-et-reseaux-de-mesure.html#param=messnetz-automatisch&station=WIT,https://www.meteosvizzera.admin.ch/servizi-e-pubblicazioni/applicazioni/valori-attuali-e-reti-di-misura.html#param=messnetz-automatisch&station=WIT,https://www.meteoswiss.admin.ch/services-and-publications/applications/measurement-values-and-measuring-networks.html#param=messnetz-automatisch&station=WIT,WIT,30,127.3,4.24
ZEV,Zervreila,GR,0-756-0-ZEV,Automatische Niederschlagsstationen - Messwerte,Stations pluviométriques automatiques - Valeurs mesurées,Stazioni pluviometriche automatiche - Valori misurati,Automatic precipitation stations - Measurement values,MeteoSchweiz,01.01.1970,1738,NA,2728781,1159993,46.578797,9.118797,Tal,Vallée,Valle,valley,https://www.meteoschweiz.admin.ch/service-und-publikationen/applikationen/messwerte-und-messnetze.html#param=messnetz-automatisch&station=ZEV,https://www.meteosuisse.admin.ch/services-et-publications/applications/valeurs-mesurees-et-reseaux-de-mesure.html#param=messnetz-automatisch&station=ZEV,https://www.meteosvizzera.admin.ch/servizi-e-pubblicazioni/applicazioni/valori-attuali-e-reti-di-misura.html#param=messnetz-automatisch&station=ZEV,https://www.meteoswiss.admin.ch/services-and-publications/applications/measurement-values-and-measuring-networks.html#param=messnetz-automatisch&station=ZEV,ZEV,30,194.7,6.49
ZWE,Zweisimmen,BE,0-756-0-ZWE,Automatische Niederschlagsstationen - Messwerte,Stations pluviométriques automatiques - Valeurs mesurées,Stazioni pluviometriche automatiche - Valori misurati,Automatic precipitation stations - Measurement values,Kt. BE,01.01.1901,936,NA,2595880,1155471,46.550511,7.384917,Tal,Vallée,Valle,valley,https://www.meteoschweiz.admin.ch/service-und-publikationen/applikationen/messwerte-und-messnetze.html#param=messnetz-automatisch&station=ZWE,https://www.meteosuisse.admin.ch/services-et-publications/applications/valeurs-mesurees-et-reseaux-de-mesure.html#param=messnetz-automatisch&station=ZWE,https://www.meteosvizzera.admin.ch/servizi-e-pubblicazioni/applicazioni/valori-attuali-e-reti-di-misura.html#param=messnetz-automatisch&station=ZWE,https://www.meteoswiss.admin.ch/services-and-publications/applications/measurement-values-and-measuring-networks.html#param=messnetz-automatisch&station=ZWE,ZWE,30,116.1,3.87
ZWK,Zwillikon,ZH,0-756-0-ZWK,Automatische Niederschlagsstationen - Messwerte,Stations pluviométriques automatiques - Valeurs mesurées,Stazioni pluviometriche automatiche - Valori misurati,Automatic precipitation stations - Measurement values,MeteoSchweiz,01.01.1961,461,NA,2675139,1238165,47.290092,8.431958,Muldenlage,Dépression,Depressione,basin,https://www.meteoschweiz.admin.ch/service-und-publikationen/applikationen/messwerte-und-messnetze.html#param=messnetz-automatisch&station=ZWK,https://www.meteosuisse.admin.ch/services-et-publications/applications/valeurs-mesurees-et-reseaux-de-mesure.html#param=messnetz-automatisch&station=ZWK,https://www.meteosvizzera.admin.ch/servizi-e-pubblicazioni/applicazioni/valori-attuali-e-reti-di-misura.html#param=messnetz-automatisch&station=ZWK,https://www.meteoswiss.admin.ch/services-and-publications/applications/measurement-values-and-measuring-networks.html#param=messnetz-automatisch&station=ZWK,ZWK,30,145.9,4.86
